{
  "stats": {
    "submitted": 17,
    "finished": 17,
    "running": 0
  },
  "data": [
    [
      1,
      null,
      469387916,
      null,
      -33.82,
      0.5,
      1,
      0.0,
      0.0,
      {}
    ],
    [
      2,
      null,
      469387916,
      null,
      -11.08,
      0.5,
      1,
      0.0,
      0.0,
      {}
    ],
    [
      3,
      null,
      469387916,
      null,
      -38.84,
      0.5,
      1,
      0.0,
      0.0,
      {}
    ],
    [
      4,
      null,
      469387916,
      null,
      -0.24,
      0.5,
      1,
      0.0,
      0.0,
      {}
    ],
    [
      5,
      null,
      469387916,
      null,
      -49.27,
      0.5,
      1,
      0.0,
      0.0,
      {}
    ],
    [
      6,
      null,
      469387916,
      null,
      -4.27,
      0.5,
      1,
      0.0,
      0.0,
      {}
    ],
    [
      7,
      null,
      469387916,
      null,
      -47.56,
      0.5,
      1,
      0.0,
      0.0,
      {}
    ],
    [
      8,
      null,
      469387916,
      null,
      -27.68,
      0.5,
      1,
      0.0,
      0.0,
      {}
    ],
    [
      9,
      null,
      469387916,
      null,
      -56.17,
      0.5,
      1,
      0.0,
      0.0,
      {}
    ],
    [
      10,
      null,
      469387916,
      null,
      -54.6,
      0.5,
      1,
      0.0,
      0.0,
      {}
    ],
    [
      11,
      null,
      469387916,
      null,
      -47.94,
      0.5,
      1,
      0.0,
      0.0,
      {}
    ],
    [
      12,
      null,
      469387916,
      null,
      -11.27,
      0.5,
      1,
      0.0,
      0.0,
      {}
    ],
    [
      13,
      null,
      469387916,
      null,
      -42.0,
      0.5,
      1,
      0.0,
      0.0,
      {}
    ],
    [
      14,
      null,
      469387916,
      null,
      -37.43,
      0.5,
      1,
      0.0,
      0.0,
      {}
    ],
    [
      15,
      null,
      469387916,
      null,
      -3.93,
      0.5,
      1,
      0.0,
      0.0,
      {}
    ],
    [
      16,
      null,
      469387916,
      null,
      -37.94,
      0.5,
      1,
      0.0,
      0.0,
      {}
    ],
    [
      17,
      null,
      469387916,
      null,
      -16.96,
      0.5,
      1,
      0.0,
      0.0,
      {}
    ]
  ],
  "configs": {
    "1": {
      "batch_size": 4196,
      "epochs": 195,
      "label_smoothing": 0.12362048479660326,
      "lr": 0.013452717243764154,
      "lr_peak_epoch": 0.34583121144222273,
      "lr_tta": "True",
      "momentum": 0.23205065153252669,
      "num_workers": 8,
      "weight_decay": 4.5109091989546505e-05
    },
    "2": {
      "batch_size": 4196,
      "epochs": 263,
      "label_smoothing": 0.18975995733014384,
      "lr": 0.0002950600528632314,
      "lr_peak_epoch": 0.13611852920704903,
      "lr_tta": "True",
      "momentum": 0.6902901216246594,
      "num_workers": 8,
      "weight_decay": 0.03817998653399306
    },
    "3": {
      "batch_size": 4196,
      "epochs": 150,
      "label_smoothing": 0.4427332964039646,
      "lr": 0.0308680597252998,
      "lr_peak_epoch": 0.47467111715725796,
      "lr_tta": "True",
      "momentum": 0.5669155654023422,
      "num_workers": 8,
      "weight_decay": 0.0018605593126389702
    },
    "4": {
      "batch_size": 4196,
      "epochs": 70,
      "label_smoothing": 0.3911733952452753,
      "lr": 0.00010962651731241683,
      "lr_peak_epoch": 0.8477323087129552,
      "lr_tta": "True",
      "momentum": 0.11183323531993372,
      "num_workers": 8,
      "weight_decay": 0.0040604608296454315
    },
    "5": {
      "batch_size": 4196,
      "epochs": 272,
      "label_smoothing": 0.05981042655352098,
      "lr": 0.01822877583506347,
      "lr_peak_epoch": 0.9862398233608691,
      "lr_tta": "True",
      "momentum": 0.5005442435332684,
      "num_workers": 8,
      "weight_decay": 0.029469283210366782
    },
    "6": {
      "batch_size": 4196,
      "epochs": 211,
      "label_smoothing": 0.27446838774925153,
      "lr": 0.00019769001179921654,
      "lr_peak_epoch": 0.2542883932520905,
      "lr_tta": "True",
      "momentum": 0.3658144098509294,
      "num_workers": 8,
      "weight_decay": 3.164270954398051e-05
    },
    "7": {
      "batch_size": 4196,
      "epochs": 213,
      "label_smoothing": 0.41198408714686346,
      "lr": 0.22921198976954876,
      "lr_peak_epoch": 0.35070733773635476,
      "lr_tta": "True",
      "momentum": 0.8580659251750968,
      "num_workers": 8,
      "weight_decay": 3.5124763963059637e-06
    },
    "8": {
      "batch_size": 4196,
      "epochs": 43,
      "label_smoothing": 0.022624523291406573,
      "lr": 0.01744502694399165,
      "lr_peak_epoch": 0.9478050521111406,
      "lr_tta": "True",
      "momentum": 0.5581843337218392,
      "num_workers": 8,
      "weight_decay": 6.049181335098982e-05
    },
    "9": {
      "batch_size": 4196,
      "epochs": 285,
      "label_smoothing": 0.09945346564735638,
      "lr": 0.03984545435926632,
      "lr_peak_epoch": 0.995465237420762,
      "lr_tta": "True",
      "momentum": 0.44344289056919256,
      "num_workers": 8,
      "weight_decay": 0.029469283210366782
    },
    "10": {
      "batch_size": 4196,
      "epochs": 277,
      "label_smoothing": 0.07355575115875156,
      "lr": 0.5994077709302326,
      "lr_peak_epoch": 0.6779151119048649,
      "lr_tta": "True",
      "momentum": 0.9704480565602879,
      "num_workers": 8,
      "weight_decay": 3.767902306889452e-05
    },
    "11": {
      "batch_size": 4196,
      "epochs": 287,
      "label_smoothing": 0.43110715013685835,
      "lr": 0.2358729212336962,
      "lr_peak_epoch": 0.3365759445328222,
      "lr_tta": "True",
      "momentum": 0.8698396813218362,
      "num_workers": 8,
      "weight_decay": 3.6325549989294935e-06
    },
    "12": {
      "batch_size": 4196,
      "epochs": 264,
      "label_smoothing": 0.152957229989167,
      "lr": 0.00021457513730653626,
      "lr_peak_epoch": 0.3448916481995201,
      "lr_tta": "True",
      "momentum": 0.759555270870048,
      "num_workers": 8,
      "weight_decay": 0.07292600376585005
    },
    "13": {
      "batch_size": 4196,
      "epochs": 271,
      "label_smoothing": 0.21189700339904302,
      "lr": 0.05741404760952316,
      "lr_peak_epoch": 0.3629741436955144,
      "lr_tta": "True",
      "momentum": 0.1949463131386483,
      "num_workers": 8,
      "weight_decay": 3.48497097313849e-06
    },
    "14": {
      "batch_size": 4196,
      "epochs": 145,
      "label_smoothing": 0.35603252524464923,
      "lr": 0.04398579353879869,
      "lr_peak_epoch": 0.9873570391447318,
      "lr_tta": "True",
      "momentum": 0.15406764386266464,
      "num_workers": 8,
      "weight_decay": 9.082843251794713e-06
    },
    "15": {
      "batch_size": 4196,
      "epochs": 272,
      "label_smoothing": 0.14535953398344956,
      "lr": 0.00017493213941397357,
      "lr_peak_epoch": 0.8796821531588177,
      "lr_tta": "True",
      "momentum": 0.19509021304362495,
      "num_workers": 8,
      "weight_decay": 0.002111754589744517
    },
    "16": {
      "batch_size": 4196,
      "epochs": 80,
      "label_smoothing": 0.0935818359363628,
      "lr": 0.03597266207462755,
      "lr_peak_epoch": 0.9924231667420043,
      "lr_tta": "True",
      "momentum": 0.44835726102769197,
      "num_workers": 8,
      "weight_decay": 0.0003001435940790107
    },
    "17": {
      "batch_size": 4196,
      "epochs": 281,
      "label_smoothing": 0.034427872920172534,
      "lr": 0.0011265795142126327,
      "lr_peak_epoch": 0.9967581099789684,
      "lr_tta": "True",
      "momentum": 0.35889503192344985,
      "num_workers": 8,
      "weight_decay": 0.0400105803889883
    }
  },
  "config_origins": {
    "1": "Initial Design: Random",
    "2": "Initial Design: Random",
    "3": "Initial Design: Random",
    "4": "Initial Design: Random",
    "5": "Initial Design: Random",
    "6": "Initial Design: Random",
    "7": "Initial Design: Random",
    "8": "Initial Design: Random",