{"lr": [0.0013660267956152694, 0.0029853042726069525, 0.09345129238866891, 0.00045340597560233133, 0.000980274691948111, 0.01808839659860504, 0.0007975104523605908, 0.00018024733449721432, 0.06769505084508334, 0.0676893752777791, 0.06776340719631925, 0.06787450959639042, 0.06749906030023989, 0.06762713377159542, 0.06750076183187634, 0.06786207160164767, 0.059287383983301224, 0.06016387876272974, 0.06003743514652622, 0.05966766738646607, 0.05910992007292519, 0.059558818258226405, 0.05753520534182386, 0.05788970994210163, 0.9057699010306172, 0.9090520042851287, 0.8982488804980141, 0.8913575485261309, 0.9085349459453467, 0.9031281092630102, 0.8968752919573167, 0.08204886609492822, 0.05426071532502807, 0.054321834274090486, 0.05365724542162866, 0.054289551061340986, 0.06582956943800888, 0.054784876302680516, 0.06530774333101891, 0.06581406555278731, 0.09298213555569114, 0.1130839692287787, 0.11903230563757664, 0.08555885152671601, 0.16343693501932466, 0.1619260760853711, 0.1662391050007125, 0.2583760536656665, 0.05650806439244281, 0.05740689542832668, 0.05735901408693727, 0.0557151989540465, 0.05704345543930509, 0.057262715622519986, 0.016970034617767613, 0.056538693457457934, 0.004131799546097094, 0.21387787082662763, 0.21339058941591918, 0.00031258286208060926, 0.21310834056648348, 0.21469514635368356, 0.21423837159571416, 0.21308597539641305, 0.2590861871520039, 0.26215963229378275, 0.0003487255299117057, 0.2621961925697869, 0.25848019593576166, 0.2548820564878365, 0.26196520371816573, 0.25797373238431537, 0.13330514032936333, 0.1342538493915137, 0.13165033642811821, 5.425824744041781, 0.13637725591663225, 0.1334778091412319, 0.13467916652535628, 0.134244166317467], "epochs": [127, 227, 63, 87, 66, 113, 55, 184, 152, 152, 152, 152, 152, 152, 152, 153, 154, 154, 154, 154, 154, 154, 155, 154, 61, 61, 61, 61, 61, 61, 62, 188, 158, 159, 159, 158, 155, 158, 156, 157, 167, 169, 169, 167, 189, 190, 189, 200, 118, 120, 123, 110, 120, 118, 284, 115, 30, 300, 300, 289, 300, 300, 300, 300, 300, 300, 151, 300, 300, 300, 300, 300, 300, 300, 300, 101, 300, 300, 300, 300], "lr_peak_epoch": [96, 158, 47, 59, 65, 87, 6, 180, 62, 88, 128, 89, 86, 70, 0, 85, 1, 84, 16, 120, 99, 118, 146, 31, 50, 9, 43, 9, 10, 23, 51, 46, 155, 73, 128, 16, 20, 3, 90, 136, 95, 8, 146, 37, 68, 130, 40, 43, 10, 109, 95, 18, 65, 81, 127, 69, 12, 86, 240, 119, 81, 109, 48, 297, 108, 225, 17, 254, 157, 84, 98, 194, 10, 206, 108, 1, 262, 11, 243, 293], "batch_size": [4196, 4196, 4196, 4196, 4196, 4196, 4196, 4196, 4196, 4196, 4196, 4196, 4196, 4196, 4196, 4196, 4196, 4196, 4196, 4196, 4196, 4196, 4196, 4196, 4196, 4196, 4196, 4196, 4196, 4196, 4196, 4196, 4196, 4196, 4196, 4196, 4196, 4196, 4196, 4196, 4196, 4196, 4196, 4196, 4196, 4196, 4196, 4196, 4196, 4196, 4196, 4196, 4196, 4196, 4196, 4196, 4196, 4196, 4196, 4196, 4196, 4196, 4196, 4196, 4196, 4196, 4196, 4196, 4196, 4196, 4196, 4196, 4196, 4196, 4196, 4196, 4196, 4196, 4196, 4196], "momentum": [0.24467644502445351, 0.5953428853552096, 0.8904127350954082, 0.27514668257197006, 0.7005787693208477, 0.142664787985045, 0.1310415938170948, 0.5657453005348259, 0.9813859625902402, 0.9809231976155331, 0.9814569177934381, 0.9811511214238745, 0.9817696820879247, 0.9819567897132159, 0.9814646600689678, 0.9807098366369443, 0.9739576224042544, 0.9728891867309736, 0.9729853557058966, 0.9733059734781935, 0.9726153768930331, 0.9727579389644903, 0.9725005630036837, 0.9707681716766531, 0.9999528643449134, 0.9999435815718393, 0.9999135903014731, 0.9998922610220266, 0.9998636476448707, 0.9998518067226961, 0.9998514785815114, 0.4756578407990353, 0.9730181978590643, 0.9729583968717255, 0.9728891867309736, 0.973343136849716, 0.9812457328993494, 0.9734676509599167, 0.980939833076664, 0.9808635220422329, 0.9733286667949019, 0.9730490408925836, 0.9730169813507613, 0.973421795647743, 0.9720069178600614, 0.9720705362376132, 0.9719913799620012, 0.9723265152485773, 0.9794111292730308, 0.9793815883129515, 0.9793165302158897, 0.9795830593279263, 0.9793231449538861, 0.9794861723975062, 0.44091383317316357, 0.9795882237136518, 0.193624823873364, 0.8970855318158241, 0.8966345192956214, 0.9590897877625353, 0.897740217374179, 0.8962266074037744, 0.8987966949704409, 0.8963209506583012, 0.6111747296866554, 0.6067985505767433, 0.8702499380733959, 0.6075133894754275, 0.6100745486839828, 0.6124076364292078, 0.6092360929725877, 0.6085784033709002, 0.9996997730483161, 0.9996404140418879, 0.999572434654837, 0.6458071452500934, 0.9998538696881752, 0.9994089294232512, 0.9989794461271607, 0.9985050426165946], "weight_decay": [0.00028202077564946367, 0.0017187523075923377, 0.00021622571282410778, 1.1469825759715653e-05, 0.04125608875537461, 0.021294402476703552, 1.2505269474930915e-06, 0.08365881664959579, 0.0001033130424721959, 0.00010365031860459331, 0.00010240719948472382, 0.00010390435572381613, 0.00010267632374539508, 0.00010362038658706889, 0.00010327957537600655, 0.0001048448059840908, 9.232592998707107e-05, 9.28198718300631e-05, 9.23480962377624e-05, 9.269146572399532e-05, 9.261387496992056e-05, 8.816052908717934e-05, 9.046103759804557e-05, 8.577257620453681e-05, 6.3956917718398725e-06, 6.35264779589235e-06, 6.3136980652232926e-06, 6.297181749767998e-06, 6.387957916464456e-06, 6.3666387822304756e-06, 6.331927222129645e-06, 4.336983833665343e-05, 8.63285053147724e-05, 8.414768552995948e-05, 8.376373699107947e-05, 8.634584836751419e-05, 0.00010565696130528815, 8.28768042264815e-05, 0.00010677090016308528, 0.00010608661835494883, 0.00010989268490696026, 0.00011082933175826115, 0.00011105327256236228, 0.0001087894492159455, 8.409687432368405e-05, 8.505835265482931e-05, 8.339328008209478e-05, 8.85181781870879e-05, 0.0001342621496070558, 0.00013478545321015932, 0.00013467713439555557, 0.00013285914789283227, 0.0001350833626631398, 0.00013414873858458884, 1.8542046480888992e-05, 0.00013607562219715454, 0.007673444815840736, 0.00031940950985477325, 0.0003194323497598206, 0.00010634515607224047, 0.0003182999646027707, 0.0003172203729347365, 0.0003205331207502039, 0.0003203856217700294, 0.00027180308965510077, 0.000273118920575199, 0.061242041982223175, 0.00026911487985541616, 0.0002674679549658071, 0.0002679882032680642, 0.00027131667173784906, 0.00026627889216498387, 7.509725182073438e-05, 7.462916394230483e-05, 7.612903351759261e-05, 4.640857291537666e-06, 7.799876994896466e-05, 7.588777391708714e-05, 7.553425833410415e-05, 7.501289432555264e-05],