{"lr": [0.5, 0.5, 0.1, 0.1, 0.1, 0.1, 0.001], "epochs": [5, 5, 300, 300, 100, 100, 300], "lr_peak_epoch": [5, 5, 5, 5, 5, 5, 5], "batch_size": [512, 512, 128, 128, 128, 64, 128], "momentum": [0.9, 0.9, 0.9, 0.9, 0.9, 0.9, 0.5], "weight_decay": [0.0005, 0.0005, 0.0005, 0.0005, 0.0005, 0.0005, 0.0005], "label_smoothing": [0.1, 0.1, 0.1, 0.1, 0.1, 0.5, 0.1], "num_workers": [8, 8, 8, 8, 8, 8, 8], "lr_tta": [true, true, true, true, true, true, true], "time": [11.149722814559937, 11.327641010284424, 912.9010987281799, 1090.9623742103577, 368.6660544872284, 605.8361401557922, 895.2761051654816], "train": [27.68, 35.8, 99.95, 99.97, 99.92, 99.07, 95.35], "test": [27.65, 34.73, 61.57, 61.81, 62.52, 63.85, 44.75]}