{"lr": [0.005202457418901373, 0.001835627062588045, 1.4663950215086208, 0.013344227937719999, 0.00015650000682306144, 0.001604721547817195, 0.22836730385679874, 0.00015346879014233408, 0.11689920389465111, 0.11574973467980758, 0.11722757430392246, 0.11898547822733313, 0.11597516584972861, 0.11413197086921448, 0.11837956136862818, 0.1143823659394009, 0.0016872891816545415, 0.0022591026343503186, 0.0004703070474335281, 0.0023074337107322645], "epochs": [113, 274, 185, 238, 55, 145, 276, 98, 217, 217, 217, 217, 218, 217, 217, 217, 285, 295, 175, 296], "lr_peak_epoch": [25, 68, 80, 24, 37, 23, 142, 97, 14, 50, 182, 197, 105, 134, 87, 170, 194, 280, 147, 79], "batch_size": [4196, 4196, 4196, 4196, 4196, 4196, 4196, 4196, 4196, 4196, 4196, 4196, 4196, 4196, 4196, 4196, 4196, 4196, 4196, 4196], "momentum": [0.5405404067855805, 0.42162145876200174, 0.19041249774054703, 0.3315881198672257, 0.9579509679425456, 0.5056827640308993, 0.7163243637249476, 0.6224940352765239, 0.22690066066291056, 0.22681026643953012, 0.2271068842762569, 0.22681445364480635, 0.22678343582642216, 0.2269764585866862, 0.2266612756554706, 0.22635181266951312, 0.04503917056934291, 0.04576214373802654, 0.7845180750010284, 0.04751135873340281], "weight_decay": [0.09207468645512487, 1.7479427440708514e-06, 3.9271977027952456e-05, 9.58349697336021e-06, 6.208854674802123e-05, 7.276910912213972e-05, 0.017654978419032876, 4.101128229905312e-06, 1.3867527334549845e-05, 1.3864957259175223e-05, 1.387670880708062e-05, 1.3760737755190886e-05, 1.4007470794830522e-05, 1.395283820141668e-05, 1.3701451354368619e-05, 1.3896774819893364e-05, 0.0005128291226238051, 0.000553147504869925, 4.01947746819042e-05, 0.0005808384602865369], "label_smoothing": [0.4960264958871758, 0.4368718311631797, 0.02715997808643944, 0.11226182066230145, 0.481713800025636, 0.3865213070499146, 0.15466000929189494, 0.21811000200310238, 0.015670040856791256, 0.01551518804440789, 0.015567111370144633, 0.015811734967488045, 0.01569879939306253, 0.01590937210119507, 0.016222161302397082, 0.015881091420527977, 7.325658953395248e-05, 1.295342562910707e-05, 0.22508650992134988, 4.635691990384456e-05], "num_workers": [8, 8, 8, 8, 8, 8, 8, 8, 8, 8, 8, 8, 8, 8, 8, 8, 8, 8, 8, 8], "lr_tta": [true, true, true, true, true, true, true, true, true, true, true, true, true, true, true, true, true, true, true, true], "time": [80.70788598060608, 169.15500259399414, 116.15451288223267, 146.99065375328064, 40.395896673202515, 92.55022621154785, 169.53948521614075, 65.35532855987549, 134.94492292404175, 134.71269178390503, 134.9615125656128, 134.77206420898438, 135.5398452281952, 134.82859921455383, 135.01609301567078, 134.90808415412903, 174.47679901123047, 180.53417921066284, 110.42790746688843, 181.07467484474182], "train": [1.11, 11.61, 99.79, 45.24, 2.36, 8.56, 1.0, 0.57, 91.31, 89.5, 81.75, 79.37, 87.82, 85.15, 88.89, 82.48, 20.7, 22.86, 9.24, 24.59], "test": [1.04, 11.84, 43.9, 40.37, 2.42, 8.66, 1.0, 0.6, 43.17, 43.71, 45.77, 46.2, 45.01, 45.18, 44.98, 45.41, 20.53, 23.41, 9.65, 24.82]}