{"lr": [8.214496352480932, 0.05173020173999574, 8.615132829347086, 3.1825266971339237, 0.33524573517454803, 0.024979392595907906, 0.0003243094974444595, 1.8476492625546677, 0.6223516922758369, 0.6094478254305956, 0.25370649443282156, 0.6455174512325264, 0.6099644629294749, 0.6069518932482757, 0.5945080440084792, 0.5919729532674315, 0.001133723814606606, 0.0011517107544466796, 0.0011311057699095088, 0.0011430883220068318, 0.0011217819041135087, 0.0011146161217657465, 0.001120361622931137, 0.00113771784647449, 0.2941510931058968, 0.2917556160885678, 0.29160691579445214, 0.2936359789213404, 0.29421611440366185, 0.2942207376213734, 0.29627367779341435, 0.2950843675882252, 2.3802808697788995, 2.3557889736107342, 2.396982005518357, 0.0008815018729553532, 2.4145125017002482, 2.377555600008874, 0.018540027953295773, 2.3448716308566797, 0.45372788649376, 0.44781545910269327, 0.44517029852193873, 0.4460356357837525, 0.45012924581800245, 0.44105829735128965, 0.45430445335429465, 0.44873260626618977, 0.30312183958389677, 0.30677866540049054, 0.303411641356444, 0.2996580730820589, 0.000169541443571903, 0.010993790899517013, 0.0009877073914591002, 0.301449969918618, 0.2617749934666604, 0.26261362276356326, 0.25948994764135397, 0.2587017212113889, 0.25739146744885766, 0.25538585271921804, 0.25098900727634427, 0.26557537667511216, 0.34019946606154927, 0.343048446591587, 0.3596066805702547, 0.34618640857997895, 0.33966330093738534, 0.3440679615321379, 0.42017615082188275, 2.7412900324490717, 0.27432027165174167, 0.27121486949710566, 0.27432203134788946, 0.2726151871723303, 0.2778634452194265, 0.2770039149966643, 0.273849315528759, 0.09387397151326676], "epochs": [71, 128, 31, 113, 188, 78, 226, 113, 173, 174, 64, 173, 173, 173, 174, 174, 274, 274, 274, 274, 274, 274, 274, 274, 116, 115, 115, 115, 115, 116, 115, 115, 179, 180, 179, 208, 180, 179, 249, 179, 84, 84, 84, 83, 84, 84, 84, 84, 30, 30, 30, 30, 158, 250, 106, 30, 188, 189, 188, 188, 188, 188, 187, 190, 155, 155, 156, 155, 155, 155, 160, 201, 168, 168, 168, 168, 168, 168, 168, 93], "lr_peak_epoch": [51, 29, 21, 24, 20, 28, 49, 89, 96, 159, 37, 153, 119, 110, 170, 51, 3, 191, 4, 55, 103, 224, 11, 98, 66, 93, 40, 82, 30, 37, 39, 10, 32, 21, 172, 70, 21, 141, 248, 71, 13, 52, 78, 50, 27, 22, 15, 23, 19, 20, 10, 16, 156, 226, 101, 14, 183, 115, 46, 36, 101, 86, 111, 31, 87, 54, 70, 8, 60, 104, 86, 45, 96, 127, 162, 104, 48, 164, 130, 90], "batch_size": [4196, 4196, 4196, 4196, 4196, 4196, 4196, 4196, 4196, 4196, 4196, 4196, 4196, 4196, 4196, 4196, 4196, 4196, 4196, 4196, 4196, 4196, 4196, 4196, 4196, 4196, 4196, 4196, 4196, 4196, 4196, 4196, 4196, 4196, 4196, 4196, 4196, 4196, 4196, 4196, 4196, 4196, 4196, 4196, 4196, 4196, 4196, 4196, 4196, 4196, 4196, 4196, 4196, 4196, 4196, 4196, 4196, 4196, 4196, 4196, 4196, 4196, 4196, 4196, 4196, 4196, 4196, 4196, 4196, 4196, 4196, 4196, 4196, 4196, 4196, 4196, 4196, 4196, 4196, 4196], "momentum": [0.9727293042652733, 0.5507582289048999, 0.45297417321663536, 0.4461282745379084, 0.8712876550252213, 0.9434672856049364, 0.3266162848666473, 0.5032759158899777, 0.6771564054479511, 0.6747367698106254, 0.6825002879207022, 0.6829989180812104, 0.6749231779432352, 0.6719895851678527, 0.669091546646231, 0.6688479884954454, 0.2812087182808033, 0.2796156651423187, 0.2824519869153628, 0.2813971982609673, 0.28013611971390145, 0.28232133116738384, 0.2815896607614113, 0.2828800175674887, 0.9574609755964605, 0.9565167549736378, 0.9575324390891701, 0.9568197483418234, 0.9565286301335603, 0.954149882711576, 0.955205228913718, 0.9552526961818193, 0.9999331268464678, 0.9999065247981073, 0.9998880735561007, 0.7207165408141981, 0.9998508214289026, 0.9998593365830185, 0.2867224941349723, 0.9998041726733363, 0.915643720392397, 0.9143717737863198, 0.916577119059077, 0.9178027134023337, 0.9126206729162307, 0.9175873493429845, 0.9117448031330043, 0.9141796584399999, 0.9999495646344441, 0.9998554451379751, 0.999944357677708, 0.9996727697064629, 0.6397598955520476, 0.1434003762495336, 0.9423504932060095, 0.9996684666417368, 0.7375948480904159, 0.7405597445345744, 0.7421679698982832, 0.7414119051498547, 0.7452974734940883, 0.7442943983142194, 0.7562005902795879, 0.7327104804793437, 0.9998327273946607, 0.9995316840327158, 0.9996789009165973, 0.9992600209540174, 0.9994525746228199, 0.9993509189228702, 0.9998625869246527, 0.9998217307243283, 0.733480350729392, 0.7336404700304792, 0.7341661721991335, 0.7341479540916892, 0.7330569655855171, 0.7326285742508007, 0.731889015134295, 0.8572102424486627], "weight_decay": [1.1099857898068479e-05, 0.042928853836701884, 0.00010706988234906344, 0.0009408859937025906, 1.0360595298603563e-06, 1.6134075374037463e-06, 1.0042716601762182e-06, 3.5909455020506025e-06, 1.0107780743492406e-06, 1.0044439422081374e-06, 1.8552907875951296e-06, 1.0059622505539147e-06, 1.009414685530284e-06, 1.0021783628080393e-06, 1.0008012221866628e-06, 1.0017104010257312e-06, 1.0021432694770952e-06, 1.0023274158762634e-06, 1.0037679384491631e-06, 1.0041643736118848e-06, 1.0042275275157235e-06, 1.0004205735313624e-06, 1.0034837615426752e-06, 1.0008336510733113e-06, 3.827553552290316e-06, 3.875049836213842e-06, 4.029136415596709e-06, 3.860023596661903e-06, 3.847030342136109e-06, 3.865550968623531e-06, 3.835344459085934e-06, 3.869519628814402e-06, 0.0031712376695313084, 0.0029194478797505696, 0.0030983625885744976, 1.0502528085270966e-06, 0.0028847723087345647, 0.0030575960607781695, 0.04610769059356555, 0.003100301791826414, 1.0003440065231415e-06, 1.0026687427828908e-06, 1.002920559716297e-06, 1.0022938959454227e-06, 1.0036254672731442e-06, 1.0030698824656303e-06, 1.0034461698030566e-06, 1.0047085206837988e-06, 2.017573275906965e-06, 2.030452713127343e-06, 1.9959309429651737e-06, 2.0119347134826934e-06, 0.0142952488566609, 6.105314610170606e-05, 5.790243988852662e-06, 1.994825692425527e-06, 1.0001633152045157e-06, 1.0005150275024843e-06, 1.0010563751983038e-06, 1.0023221487227347e-06, 1.0011023620079379e-06, 1.0038911629770434e-06, 1.0005307462776156e-06, 1.0005808210513702e-06, 1.00413637868773e-06, 1.0014044080893772e-06, 1.003990701536177e-06, 1.0013604089943665e-06, 1.0046089793148345e-06, 1.0057377394896646e-06, 1.0040537412028494e-06, 1.001198497459449e-06, 1.115575839684318e-06, 1.1187285526397168e-06, 1.1119391270274687e-06, 1.0971375542328726e-06, 1.1215844809422892e-06, 1.1174277760034896e-06, 1.1161545717879967e-06, 1.0031412114394393e-06],