{"lr": [0.00012620948285169316, 1.4557916623227765, 0.7776492451078378, 2.239034272168371, 7.8179288051723566, 0.9903593841281118, 0.020295362430434737, 0.7991823454611494, 0.6382125690183503, 0.6329047063180208, 0.6285004084192767, 0.6383185179440402, 0.6365675328062421, 0.6345910928296751, 0.6316906746188179, 0.6370199563521042, 1.0268293635890846, 1.0182342379488096, 1.0062095959141124, 0.9957384100521229, 1.00458773162161, 1.0234445451601482, 0.00031705487596673734, 1.0223183503899405, 0.0006493288113703829, 0.43009156405749266, 0.42514627466233884, 0.42643906949392824, 0.42721594543985125, 0.43110915091117574, 0.4275852142320812, 0.42586998639965334, 0.9976763560628097, 0.9965730717518053, 0.9954254641402939, 0.9935170908193716, 0.9979649431116194, 0.9905945535108401, 0.98723010303946, 0.992808845025156, 0.6514482456970094, 0.6534694355974084, 0.004631543636419785, 0.6568744609222631, 0.6489938174435965, 0.6486988200069155, 0.6473899107060112, 0.6521047826401642, 1.552307887079741, 1.5614897358906266, 1.5472417279464745, 0.0024433207803201277, 1.577486962413465, 1.5784634251393002, 1.5372772672133994, 1.5630230426023943, 9.998090333299224, 9.999323862601994, 9.98365516398515, 9.976376271678749, 9.96557770720054, 9.925859940879224, 9.908540324024383, 9.909885766182324, 9.909955931552474, 0.5895091156964847, 0.6282638451347864, 0.5647807143614101, 0.5922384810639073, 0.5829474430578985, 0.5630827005922977, 0.6420985793690395, 9.766658451641694, 4.051946862870402, 3.955712782385047, 4.355486508842826, 4.382528509020323, 0.011618378271550031, 0.014316557216500481, 0.6262152291785867], "epochs": [178, 223, 193, 177, 144, 205, 148, 271, 282, 280, 280, 282, 281, 281, 280, 281, 274, 274, 274, 274, 274, 274, 248, 274, 70, 49, 49, 49, 49, 49, 49, 49, 300, 300, 300, 300, 300, 300, 300, 300, 300, 300, 275, 300, 300, 300, 300, 300, 262, 262, 262, 175, 262, 262, 262, 262, 115, 116, 115, 116, 115, 115, 115, 115, 115, 274, 274, 274, 274, 274, 274, 273, 251, 276, 274, 272, 272, 298, 300, 199], "lr_peak_epoch": [52, 36, 174, 82, 55, 145, 10, 154, 141, 81, 126, 218, 139, 141, 13, 65, 181, 240, 21, 7, 214, 179, 80, 41, 38, 31, 36, 1, 16, 34, 33, 21, 233, 272, 4, 151, 88, 234, 239, 91, 2, 181, 203, 63, 212, 130, 75, 126, 156, 29, 222, 124, 164, 44, 255, 102, 11, 109, 43, 53, 28, 55, 102, 77, 97, 118, 139, 170, 270, 185, 106, 165, 24, 66, 193, 111, 51, 150, 190, 35], "batch_size": [4196, 4196, 4196, 4196, 4196, 4196, 4196, 4196, 4196, 4196, 4196, 4196, 4196, 4196, 4196, 4196, 4196, 4196, 4196, 4196, 4196, 4196, 4196, 4196, 4196, 4196, 4196, 4196, 4196, 4196, 4196, 4196, 4196, 4196, 4196, 4196, 4196, 4196, 4196, 4196, 4196, 4196, 4196, 4196, 4196, 4196, 4196, 4196, 4196, 4196, 4196, 4196, 4196, 4196, 4196, 4196, 4196, 4196, 4196, 4196, 4196, 4196, 4196, 4196, 4196, 4196, 4196, 4196, 4196, 4196, 4196, 4196, 4196, 4196, 4196, 4196, 4196, 4196, 4196, 4196], "momentum": [0.45615033221654855, 0.5684339488686485, 0.018789800436355142, 0.6176354970758771, 0.6120957227224214, 0.6169339968747569, 0.9437480785146242, 0.6818202991034834, 0.004711149136204232, 0.005049379429072835, 0.005603260100091601, 0.004265889190270022, 0.004440620285603557, 0.004741998587787888, 0.005006020413670123, 0.004954051377369742, 0.01244517276962088, 0.012230518146128867, 0.01219576318441107, 0.012203281825246099, 0.012752561669555471, 0.012326359497308436, 0.7142412995491114, 0.011767544434347422, 0.12381998284944151, 0.00015980119423544196, 0.0002861616050525228, 1.875349025648801e-05, 1.0016767676007134e-06, 2.5359700745695817e-05, 0.000884600382129155, 0.0002664645315702001, 0.32130073135200543, 0.31987478462491015, 0.32115209063741923, 0.3212452443170513, 0.32096889725229116, 0.320534038640318, 0.32080893841423713, 0.3200040018140101, 0.27405699920364957, 0.2716776578426056, 0.40724117141380733, 0.27314053000242494, 0.272258971382377, 0.27406045332253026, 0.27409408264452584, 0.2736389632514807, 0.21816756399613876, 0.21645831527269474, 0.21922485030391486, 0.39267567654709434, 0.2178938642575127, 0.21835632959473353, 0.21557336649332884, 0.2150476842483787, 0.9596139126916226, 0.9628360576384056, 0.960041725116771, 0.962855716216849, 0.9613219926078095, 0.9619447761595732, 0.9615165094235001, 0.962905822246284, 0.9658543482188903, 0.013481767509888313, 0.014640579968965235, 0.013427851139609741, 0.01382873521830628, 0.01355719134977127, 0.012849791503652208, 0.014325273722445832, 0.054040219198839945, 0.04927871015448714, 0.037997688467001196, 0.01852465196308335, 0.01639979245165172, 0.23240828932680319, 0.2377483569284266, 0.6145686545383522], "weight_decay": [6.273927602293595e-05, 0.00015316508243748712, 0.003077201812975576, 2.0004484210638855e-06, 0.002156917714305619, 0.00225522225239458, 1.1269711680133682e-05, 4.411959206764395e-06, 0.0033596718324250315, 0.003374821893680791, 0.003392332732274075, 0.0033478942537281437, 0.003355693117723377, 0.0033362991307463105, 0.0034134950072505776, 0.003403265117981453, 0.0023638542094243558, 0.0023665139803391295, 0.002340374347548377, 0.002373388125944031, 0.0023785189849842, 0.002376054493387828, 0.0986813387889167, 0.0024435364190625434, 0.01737965482009739, 0.0036972937578534765, 0.0037094090183746706, 0.0037086715491813625, 0.0037461710931912286, 0.003683535721540748, 0.0036624850129026395, 0.0036641718625660975, 1.6231489313353131e-06, 1.6358546057692195e-06, 1.6261895070301225e-06, 1.6170268650453811e-06, 1.6386882769968313e-06, 1.657179590569346e-06, 1.6543046779867626e-06, 1.6812755716539244e-06, 0.09993326645834044, 0.09993899863928052, 1.449341443318764e-05, 0.0998769903512605, 0.09985338553746535, 0.09983301937371773, 0.09981715558287672, 0.09977745878434234, 0.0008397302672831403, 0.0008412780118758331, 0.0008425190028920264, 0.06053807596312874, 0.0008381280383560577, 0.0008334402265192867, 0.0008385883224355461, 0.0008484823106174991, 2.198623840463893e-05, 2.218095662428257e-05, 2.1855045413600987e-05, 2.2148387066382596e-05, 2.2076494960440293e-05, 2.1960281096443942e-05, 2.212930026099703e-05, 2.184429306693675e-05, 2.362319927184115e-05, 0.0019347331199338063, 0.00208720996278631, 0.0019422594733911349, 0.0019980808184463504, 0.0019525412725606374, 0.001946775958795033, 0.001991924785618718, 0.021272484993616485, 9.299635522798589e-05, 0.00012312123263847098, 0.00017087550011402676, 0.0001703812506031684, 0.09994494523045312, 0.09960932306016931, 0.002564933663828335],