{"lr": [0.010840145933915812, 3.9157155963909522, 0.23334395524633353, 0.04027251219516434, 0.00016964631648926152, 0.07500941350387445, 0.04590547945946275, 0.04521873851345073, 4.700570175372962, 2.358909510921567, 2.407155164471328, 9.03500748107891, 6.690268703353025, 9.241428302737775, 7.916569634395574, 2.803950229330924, 9.03500748107891, 9.25448518961337, 9.13437994803488, 9.821336971650302], "epochs": [174, 220, 159, 261, 67, 237, 34, 167, 223, 245, 174, 184, 220, 283, 242, 175, 177, 258, 189, 212], "lr_peak_epoch": [111, 43, 94, 238, 30, 171, 18, 15, 52, 161, 89, 71, 53, 258, 168, 151, 0, 54, 16, 206], "batch_size": [4196, 4196, 4196, 4196, 4196, 4196, 4196, 4196, 4196, 4196, 4196, 4196, 4196, 4196, 4196, 4196, 4196, 4196, 4196, 4196], "momentum": [0.28032288618771506, 0.7179600648963836, 0.8363420512101459, 0.2527913913960873, 0.32794706319691713, 0.04225446124714749, 0.9844653599713872, 0.14131317499514628, 0.22604396918180963, 0.5081119387020001, 0.5125353194474286, 0.8392628928574634, 0.7287228480885426, 0.5820811922715405, 0.048328165139014584, 0.7218326879019787, 0.9662936612178863, 0.8341123585414499, 0.027072337871752266, 0.01687084965176111], "weight_decay": [4.156671064338223e-06, 3.0333896492330623e-05, 0.022395146624734377, 0.005638911521540746, 1.1078026960019188e-05, 0.006905849113260898, 0.010300336791405462, 0.012756039885084464, 9.338893283986534e-06, 1.5374975744413695e-05, 5.95247362888979e-06, 0.0003783379204020074, 4.9049631564708135e-05, 0.0015989637272057133, 0.00264156600578631, 0.023243757038715687, 0.000344366629535442, 0.0001818253384063707, 0.022646068905942448, 0.022047598520136043], "label_smoothing": [0.4256841151050648, 0.37481239131871896, 0.35657619428700793, 0.0658557276969795, 0.022890452309149212, 0.4205199559577372, 0.25262655184302724, 0.31976750086099714, 0.4071025542914938, 0.426768836465045, 0.3778229752600573, 0.47850448226094255, 0.4827920732038276, 0.38111694998864193, 0.49351495481958557, 0.387164276526019, 0.46414328008403477, 0.499259857736386, 0.49452320963652513, 0.4470756167873461], "num_workers": [8, 8, 8, 8, 8, 8, 8, 8, 8, 8, 8, 8, 8, 8, 8, 8, 8, 8, 8, 8], "lr_tta": [true, true, true, true, true, true, true, true, true, true, true, true, true, true, true, true, true, true, true, true], "time": [107.99690079689026, 128.30228757858276, 94.2481279373169, 151.57771849632263, 43.81576943397522, 137.6782796382904, 25.46795153617859, 98.8937075138092, 130.0970962047577, 142.57760334014893, 103.16959881782532, 108.51523947715759, 128.57077431678772, 163.34548163414001, 140.6329436302185, 103.76187014579773, 104.2321617603302, 150.0263750553131, 111.502858877182, 124.24515891075134], "train": [27.36, 99.97, 66.56, 84.88, 0.24, 73.26, 28.45, 50.86, 99.95, 99.96, 99.96, 99.54, 99.97, 43.34, 73.41, 0.99, 0.98, 99.96, 1.01, 1.02], "test": [26.01, 54.18, 50.17, 45.76, 0.2, 46.66, 28.59, 42.29, 52.74, 50.11, 51.02, 56.41, 54.34, 40.99, 54.55, 1.0, 1.0, 56.37, 1.0, 1.0]}