{"lr": [0.006428346007907584, 0.002442188998899428, 0.00011697227784626771, 0.010943098038727858, 0.002087008767505983, 0.06897159759255035], "epochs": [292, 240, 300, 281, 54, 193], "lr_peak_epoch": [139, 50, 27, 148, 20, 138], "batch_size": [4196, 4196, 4196, 4196, 4196, 4196], "momentum": [0.7971398133822915, 0.5024557561560834, 0.3073313523256145, 0.783161924971317, 0.5900416879008052, 0.5656992903140309], "weight_decay": [0.00044099069082917044, 0.0032750408880435826, 3.328807472145202e-05, 0.007650206879544508, 3.965607869173123e-05, 0.07988338531619354], "label_smoothing": [0.35803516593971924, 0.28226486881368823, 0.14337020141426549, 0.4389390001605293, 0.13013912134313615, 0.47022254374563016], "num_workers": [8, 8, 8, 8, 8, 8], "lr_tta": [true, true, true, true, true, true], "time": [236.5902862548828, 181.5797255039215, 222.18001103401184, 206.96946954727173, 47.84524464607239, 144.92822289466858], "train": [50.97, 22.27, 2.32, 62.31, 12.56, 0.97], "test": [40.47, 21.36, 2.75, 44.75, 12.83, 1.0]}