{"lr": [0.24923089635837822, 0.24923089635837822, 0.29640190562047064, 0.29640190562047064, 0.29640190562047064, 0.29640190562047064, 0.29640190562047064], "epochs": [415, 415, 181, 181, 181, 181, 181], "lr_peak_epoch": [6, 6, 5, 5, 5, 5, 5], "batch_size": [264, 264, 402, 402, 402, 402, 402], "momentum": [0.6126999759115279, 0.6126999759115279, 0.18682547453790904, 0.18682547453790904, 0.18682547453790904, 0.18682547453790904, 0.18682547453790904], "weight_decay": [0.0023610565462149685, 0.0023610565462149685, 0.0008030356685630978, 0.0008030356685630978, 0.0008030356685630978, 0.0008030356685630978, 0.0008030356685630978], "label_smoothing": [0.1620023235306144, 0.1620023235306144, 0.3437404848076403, 0.3437404848076403, 0.3437404848076403, 0.3437404848076403, 0.3437404848076403], "num_workers": [8, 8, 8, 8, 8, 8, 8], "lr_tta": [false, false, false, false, false, false, false], "time": [667.9726872444153, 693.8357474803925, 229.54764771461487, 227.2832591533661, 234.31258034706116, 262.0900275707245, 262.2686514854431], "train": [99.96, 99.95, 99.96, 99.96, 99.97, 1.0, 99.7], "test": [61.32, 60.91, 55.88, 55.06, 55.54, 1.0, 49.12]}