{"lr": [0.008880451200844686, 0.049854547971855595, 0.003366939884160389, 0.006211820569852651, 4.880187492760654, 0.00011854532765916213, 0.03924809850302224, 0.00011255226229750527, 5.050205287435667, 2.9608828914737333, 0.07860672443633288, 0.1051759440427323, 1.599785337108388, 1.5375531856497886, 1.6819265438915918, 0.04851733325704983, 5.050205287435667, 4.468349664688407, 5.528144289673386, 5.807922393475387, 7.263492380954233, 8.89519225763079], "epochs": [138, 183, 68, 266, 199, 256, 116, 213, 201, 126, 277, 158, 228, 206, 126, 108, 174, 210, 184, 158, 161, 43], "lr_peak_epoch": [98, 71, 22, 11, 38, 201, 3, 39, 160, 39, 249, 48, 168, 84, 16, 69, 150, 155, 27, 76, 39, 0], "batch_size": [4196, 4196, 4196, 4196, 4196, 4196, 4196, 4196, 4196, 4196, 4196, 4196, 4196, 4196, 4196, 4196, 4196, 4196, 4196, 4196, 4196, 4196], "momentum": [0.28905434797251883, 0.2271859478855146, 0.28916219959491807, 0.021607215856478734, 0.31998574284441805, 0.2969751320744033, 0.9158423181396581, 0.7916420370176009, 0.25413010569407457, 0.7151967262319515, 0.050392473354929045, 0.36534517647007747, 0.56736448225945, 0.49943719919607843, 0.6511151316886852, 0.6399535164331873, 0.2203283677575215, 0.31998574284441805, 0.6326958519958299, 0.4996156028140508, 0.23976126949196705, 0.45654594002626125], "weight_decay": [5.510298071653495e-06, 0.012046202214832904, 2.0603403167383215e-06, 6.295589809975216e-05, 2.7146159745556836e-06, 0.0018755021164582229, 3.226983296069676e-05, 4.0461691331726686e-05, 4.551547478104959e-06, 6.814822759679851e-06, 6.584916271736829e-06, 6.5964165523999986e-06, 2.8680111595867667e-06, 1.1571684064359027e-06, 5.393635582475349e-06, 1.476277354506399e-06, 1.925764722097083e-06, 2.7146159745556836e-06, 1.6645836126293355e-06, 2.404698256250778e-06, 1.2026366561678583e-06, 1.8481296968514054e-06], "label_smoothing": [0.4316123137237015, 0.0992722326240385, 0.2808805808620289, 0.053111356460940284, 0.4884784617561863, 0.011832729793079366, 0.2304350302899189, 0.07605033289536756, 0.4639725155521097, 0.4948681402847509, 0.09779266135795887, 0.4788039670044838, 0.18995097058941196, 0.1909325184930648, 0.43127061056544136, 0.23202999045992218, 0.49186580568430166, 0.4977468851189893, 0.492672901397478, 0.4948681402847509, 0.12050397418822277, 0.10867330228597827], "num_workers": [8, 8, 8, 8, 8, 8, 8, 8, 8, 8, 8, 8, 8, 8, 8, 8, 8, 8, 8, 8, 8, 8], "lr_tta": [true, true, true, true, true, true, true, true, true, true, true, true, true, true, true, true, true, true, true, true, true, true], "time": [87.55380415916443, 107.52126669883728, 44.068512201309204, 153.49954104423523, 116.92752599716187, 147.70645308494568, 70.64977741241455, 124.25163412094116, 117.76556921005249, 76.38480710983276, 159.9791386127472, 94.15919470787048, 132.78454446792603, 120.54758667945862, 76.46067881584167, 66.47924947738647, 102.97718906402588, 123.23442125320435, 108.9598753452301, 94.54143977165222, 96.22088575363159, 30.380337476730347], "train": [22.5, 75.9, 12.57, 29.37, 99.96, 2.11, 99.56, 6.26, 99.95, 99.96, 96.88, 77.37, 99.97, 99.96, 99.95, 71.27, 99.95, 99.95, 99.96, 99.95, 99.95, 1.03], "test": [22.01, 47.26, 12.3, 27.64, 53.26, 2.3, 44.12, 6.74, 51.14, 53.15, 43.9, 41.9, 49.06, 50.18, 51.89, 42.84, 50.9, 51.03, 55.02, 52.96, 53.47, 1.0]}