{"lr": [0.00028737749986800485, 1.805650103475512, 1.2970278742825685, 1.003684854254268, 0.027210965149946142, 2.2560239055326807, 0.007526909856768289, 0.00022592290900848682, 2.055471809697206, 0.13334129295014727, 0.17261399695454327, 0.0005124451624105862, 0.01619934475527507, 0.0008129598876245219, 0.0018075929753433827, 0.00032456245757927696, 1.003684854254268, 0.872162950106452, 0.0979195563172324, 0.07898851889906996, 0.858299491034299, 0.7721382660681374, 0.009295613644116964, 0.0003261710113720376, 0.00016408116865157069, 0.0979195563172324, 0.09771333101565628, 0.09637402408194623, 0.10117892571093591, 0.09803845828185444, 0.09203346279199512, 0.3578264728016468, 2.775551236014383, 0.13678443825376013, 0.00015111196684508205, 0.12415150910689429, 1.1044479700067549, 0.12473147891713252, 0.8570069775053419, 0.8559396790891547, 0.10862367453275286, 0.11605951781865323, 0.000170102289615371, 0.12473147891713252, 0.12581806812903412, 0.11847762656877951, 0.1242852737581245, 0.3704235674472083, 0.025126808215595105, 0.024241020491236952, 0.023154753453322616, 0.00015787909571667413, 0.02544399122616496, 0.026625713119183884, 0.026059636394489695, 0.2448548481200648, 0.11937108814718297, 0.09516877024637667, 0.08172676787920877, 0.12170441720545454, 0.09610456217699857, 0.036670264456765286, 0.0890601670232275, 5.01641233692827, 0.44787661943673157, 0.02632005325206682, 0.1088370135567643, 0.09092153119078183, 0.00021340230050628724, 6.833088200338174, 0.3213250672470887, 0.0001754910795076477, 1.71750740605075, 0.49354695546130267, 0.6192641603036546, 8.06192401670943, 0.8005421295811033, 1.0109204829872698, 0.12475716064717182, 0.5538556907762427], "epochs": [59, 61, 43, 282, 49, 44, 38, 264, 279, 276, 287, 286, 286, 299, 280, 293, 282, 279, 283, 282, 178, 87, 45, 94, 298, 286, 287, 293, 287, 294, 297, 284, 143, 283, 135, 272, 47, 274, 243, 264, 213, 231, 257, 239, 239, 221, 268, 250, 282, 274, 284, 118, 284, 287, 284, 97, 275, 283, 283, 274, 283, 174, 283, 287, 180, 284, 279, 285, 50, 73, 284, 71, 128, 297, 285, 175, 283, 247, 281, 288], "lr_peak_epoch": [11, 41, 1, 152, 25, 15, 10, 67, 234, 213, 266, 16, 111, 226, 278, 273, 261, 260, 96, 85, 79, 20, 7, 12, 107, 122, 10, 292, 173, 191, 2, 21, 122, 35, 65, 10, 25, 242, 104, 6, 201, 60, 94, 205, 67, 50, 245, 17, 49, 79, 78, 6, 53, 19, 13, 40, 247, 82, 239, 124, 95, 11, 161, 208, 49, 254, 146, 116, 14, 32, 184, 21, 14, 163, 77, 26, 38, 23, 263, 219], "batch_size": [4196, 4196, 4196, 4196, 4196, 4196, 4196, 4196, 4196, 4196, 4196, 4196, 4196, 4196, 4196, 4196, 4196, 4196, 4196, 4196, 4196, 4196, 4196, 4196, 4196, 4196, 4196, 4196, 4196, 4196, 4196, 4196, 4196, 4196, 4196, 4196, 4196, 4196, 4196, 4196, 4196, 4196, 4196, 4196, 4196, 4196, 4196, 4196, 4196, 4196, 4196, 4196, 4196, 4196, 4196, 4196, 4196, 4196, 4196, 4196, 4196, 4196, 4196, 4196, 4196, 4196, 4196, 4196, 4196, 4196, 4196, 4196, 4196, 4196, 4196, 4196, 4196, 4196, 4196, 4196], "momentum": [0.8965324555315474, 0.09507515394318777, 0.3734620743475118, 0.8397683035181517, 0.8892141494686435, 0.5247262548272715, 0.9855530945853109, 0.7139555724050276, 0.8313747468100546, 0.8715536488172794, 0.7869967823059917, 0.2820658797557155, 0.2626357928099676, 0.3053398014675689, 0.9719422524771429, 0.7139555724050276, 0.8452837487199997, 0.8165749850117737, 0.7869967823059917, 0.7635541875484783, 0.750665145334465, 0.3734620743475118, 0.47852616616636034, 0.6253009358969747, 0.3076474604695242, 0.7856769833791241, 0.8069494271415529, 0.8046132148007974, 0.8053796489496677, 0.7922138820045386, 0.7929790625901327, 0.8165749850117737, 0.3308107415009526, 0.779615019302907, 0.22674220628198294, 0.7650398403557639, 0.762004213516148, 0.7644407660641037, 0.7464645015850785, 0.7573614951858227, 0.7654611631493534, 0.7692455049277156, 0.08295996098036018, 0.7712967565697701, 0.7637008165367892, 0.7781996736149285, 0.7527437184075427, 0.7781151918728763, 0.8203729550905511, 0.808295688052189, 0.8603100200324904, 0.008070578037663312, 0.7424050085930073, 0.762367117220701, 0.805861617334413, 0.1911038541946416, 0.7626962279853813, 0.788044087946537, 0.7650398403557639, 0.7527437184075427, 0.787865782093094, 0.2762284180732134, 0.7876289050865448, 0.7339092794715717, 0.8038427638231563, 0.8098543073495214, 0.7962322182141368, 0.7907107195248637, 0.9621284664658638, 0.6701891702625953, 0.7950871679373775, 0.060036497907574926, 0.2500672030902461, 0.8466859486871893, 0.927031168529413, 0.8654010972378813, 0.7934539453288211, 0.889580924824362, 0.8615499022755642, 0.8344492676940377], "weight_decay": [2.0634224058300735e-06, 1.586066732800797e-05, 0.02627463046400228, 0.0008917667991935335, 0.020169887224929336, 0.00011992680882641286, 6.234153477297423e-05, 2.9889699581282088e-06, 0.00037293028489571704, 0.00028437203085968104, 0.0008913862702039225, 0.00011483918189927532, 2.8111788961638543e-06, 0.00011043021846769948, 2.8092425110628667e-06, 1.0685042698797438e-06, 0.0008917667991935335, 0.0009481765104288139, 0.0194257306070054, 0.0011383266230371649, 0.001978148769157321, 0.0038463780974122754, 0.0005023503039384192, 0.020312369430935177, 9.212413796343076e-05, 0.002256408611930449, 0.00043784226780304984, 0.0007782026699307005, 0.0005227610160807732, 0.0008431977059513839, 0.0007792647915247182, 0.002067023406222109, 3.748412117413196e-05, 0.019473121969019565, 0.004455859464033534, 0.0194257306070054, 0.020169887224929336, 0.008238427002562226, 0.01599760978779951, 0.006724380517952512, 0.0194257306070054, 0.0194257306070054, 3.0798406591033654e-05, 0.01935939987166576, 0.019423935433908916, 0.019299246307892627, 0.019365004086324467, 0.019017574568037654, 0.03856257704749649, 0.08378685062666043, 0.0194257306070054, 5.6409602056624954e-05, 0.06125506406837237, 0.056421313986478976, 0.023505246708587585, 0.09300678747424473, 0.01933801323585298, 0.0194257306070054, 0.0194257306070054, 0.01928423009874583, 0.019294000383112585, 0.05231670912718899, 0.019333975617701216, 0.001185428630109215, 0.01992568284596117, 0.0194257306070054, 0.0194257306070054, 0.01973360997236038, 0.005666641921226412, 0.0035265431392842235, 0.024228180957794655, 0.0007644574018724825, 0.008427113853466913, 0.022272143713983363, 0.024576067713758913, 0.00039808471352495884, 0.023226934920151206, 2.2073074529085406e-06, 0.02246901669609244, 0.02055799937063668],