{"lr": [0.0363831620552365, 0.04975658741448093, 1.7430111360939686, 0.21975475374571074, 0.005106809198289317, 0.03113984673473987, 8.931181660332244, 0.002997352355032109, 0.09228915026496816, 0.01455302991984356, 3.483967979983154, 0.3949275616395099, 0.09345230938089402, 0.14725147888604606, 0.000150837308188989, 0.005472902196793814, 4.861904375830379, 7.2439558746419435, 7.094243633834555, 9.20499486880373, 4.56587890898927, 4.5263727212825176, 0.0015462849606376328, 0.4635974035842266, 0.010480111911260203, 4.366096064971732, 4.399428195830918, 4.427244154219185, 4.553934783695426, 4.259902399994078, 4.750711911996089, 4.087187301732069, 0.00485772255654239, 9.729006440430968, 7.612501527986017, 9.531624378990111, 9.468782666963795, 9.20499486880373, 9.63786773170709, 9.146980417507192, 9.156505324953974, 9.197230629845976, 0.007848963739515375, 9.160985404534435, 9.160161242662994, 9.146980417507192, 9.138592313206567, 9.360937001043117, 9.138592313206567, 9.07411092741874, 9.07029362176489, 3.2711604056372328, 9.106944511688603, 9.871410069951644, 9.664103253613707, 0.001030766282934695, 9.146980417507192, 9.138592313206567, 9.106944511688603, 9.131686579956998, 9.087801988721273, 6.8955295435684185, 9.138592313206567, 9.0441330006393, 9.759108240761988, 9.001193554975352, 9.80989201839833, 9.053042112526608, 0.031497213773488054, 0.3745914295466676, 9.071472391982358, 0.008177678645058433, 0.00040548503688132246, 9.146980417507192, 9.179894616647877, 2.5977043972483456, 9.113062477077333, 0.0006274697954742059, 9.161905075835563, 9.058439372471836], "epochs": [251, 171, 96, 124, 279, 105, 80, 145, 124, 125, 121, 33, 204, 215, 191, 124, 106, 117, 123, 59, 116, 197, 71, 114, 109, 59, 72, 60, 56, 40, 53, 61, 35, 61, 261, 56, 70, 48, 97, 117, 130, 122, 297, 137, 128, 118, 83, 81, 97, 89, 91, 292, 108, 125, 174, 140, 113, 115, 106, 145, 116, 233, 111, 214, 144, 130, 156, 167, 77, 151, 141, 214, 181, 86, 108, 122, 108, 33, 108, 108], "lr_peak_epoch": [230, 10, 8, 0, 166, 46, 49, 53, 36, 52, 33, 21, 154, 207, 49, 116, 66, 5, 122, 32, 31, 105, 32, 61, 105, 30, 27, 11, 8, 4, 23, 56, 14, 34, 43, 23, 0, 17, 17, 75, 57, 20, 294, 17, 38, 0, 37, 74, 69, 25, 62, 193, 22, 20, 1, 100, 98, 64, 4, 35, 92, 30, 43, 155, 30, 28, 4, 161, 17, 129, 70, 55, 79, 35, 90, 98, 78, 31, 14, 37], "batch_size": [4196, 4196, 4196, 4196, 4196, 4196, 4196, 4196, 4196, 4196, 4196, 4196, 4196, 4196, 4196, 4196, 4196, 4196, 4196, 4196, 4196, 4196, 4196, 4196, 4196, 4196, 4196, 4196, 4196, 4196, 4196, 4196, 4196, 4196, 4196, 4196, 4196, 4196, 4196, 4196, 4196, 4196, 4196, 4196, 4196, 4196, 4196, 4196, 4196, 4196, 4196, 4196, 4196, 4196, 4196, 4196, 4196, 4196, 4196, 4196, 4196, 4196, 4196, 4196, 4196, 4196, 4196, 4196, 4196, 4196, 4196, 4196, 4196, 4196, 4196, 4196, 4196, 4196, 4196, 4196], "momentum": [0.3569498402951373, 0.7945037579842144, 0.1272665828926317, 0.15632260727895775, 0.8368091623457674, 0.3908237005426145, 0.12422715283953623, 0.404075852094507, 0.1984204169618566, 0.15949858011376142, 0.18867590349589153, 0.15252991098713556, 0.23262424158082906, 0.19791149250008278, 0.13042244867894415, 0.23314519174883996, 0.18867590349589153, 0.19762657106814246, 0.41102243251706544, 0.1982036408280627, 0.4583315556274784, 0.8003545172389027, 0.08713745604099066, 0.14801583984713007, 0.34955837299719095, 0.4544777425978459, 0.21168419973121666, 0.1917576725101519, 0.22006374515822422, 0.44525302018052254, 0.19752635886077183, 0.19346496688904286, 0.3579787780107131, 0.12794224752779448, 0.3032615703411926, 0.15454354968667564, 0.17800611315736553, 0.02950686795028123, 0.10922337071222839, 0.16408412917105525, 0.15225453473875572, 0.1455683856217789, 0.22369289342730947, 0.14456128880089827, 0.1443150524972519, 0.14402623774663817, 0.14296666241187445, 0.1527672424874233, 0.08237614190651847, 0.13125203769620553, 0.1236096402102862, 0.8769897762238944, 0.12672112915405992, 0.03113072816248104, 0.11216731165102502, 0.36057052046930205, 0.14584325711569543, 0.15031362566850234, 0.15033218105688687, 0.15338402956028763, 0.15178018521375564, 0.575026164810902, 0.12547944605708017, 0.5643747504696848, 0.18288660485804378, 0.1468771602008318, 0.17436127438857768, 0.12535336560619298, 0.13465625861635633, 0.9137757627921101, 0.12596947361187397, 0.061248388014169874, 0.6716450807731358, 0.16408412917105525, 0.145141824370409, 0.8871034294414176, 0.07090869277881716, 0.7304412378852796, 0.09049872485474621, 0.09304019102952335], "weight_decay": [0.00011006911576610465, 4.488153930816626e-05, 4.788757689057932e-05, 0.0071701326114471655, 3.881266699524255e-05, 0.02714038585768757, 0.008536057548131517, 0.06752399502953883, 0.004428566778205154, 0.005504052665013535, 0.00012938439051750792, 4.401979179439891e-05, 5.85007724354846e-06, 6.278289275828219e-05, 1.3600614938589863e-05, 0.0023209623069822874, 0.0001246977129261102, 0.00014935527878169952, 0.0014022341543370976, 0.0017070795239983918, 1.1102487924845008e-05, 1.2338090239446723e-05, 0.0004501326646571837, 2.4226903469706903e-05, 1.5376200478020327e-06, 8.131694199130196e-05, 3.132054451158172e-05, 6.308582975001037e-05, 0.02252423796793487, 7.217596118934874e-05, 8.285628520382228e-05, 3.4452763448677827e-05, 0.00011031548417577549, 0.0008493046512563375, 4.265960088660015e-06, 0.0007981330937148993, 0.0006630634992974752, 0.001039629649881217, 0.0010339816847337922, 0.0010037568264937083, 4.914092020316777e-05, 0.0009000356079369985, 0.04682493682768893, 0.00035344183680647217, 8.270714557284067e-05, 0.00042156825346784224, 0.0005086282951049444, 0.0002551898431034159, 0.0005086282951049444, 0.0005629661419638598, 0.0006014848188161954, 0.018414619992087374, 0.0006565365506031606, 0.0011565017190275256, 0.00042627462852009863, 8.765620089416367e-06, 0.0018965139766665704, 0.0006321875737552921, 0.0006400074831164531, 0.0006801525381553943, 0.0006279654620604016, 0.0001884997195325939, 0.0006295619055776708, 0.0007875107645403758, 0.001098191368077534, 0.0009386503018533566, 0.0010037568264937083, 0.0013084638325296031, 0.07641883366511845, 0.02828013830733426, 0.0013088697691645236, 6.716953799578322e-05, 0.05797095121844486, 0.0010037568264937083, 0.0009439269039795215, 0.004000842101080657, 0.0010005575698349945, 0.012794905977041067, 0.0008972373898691239, 0.0008443155123914023], "label_smoothing": [0.11842909365528076, 0.009522430762690659, 0.4158346441369681, 0.06678797159016037, 0.22678698353840604, 0.45802077739361247, 0.4498205299802349, 0.09683101984305637, 0.08963174290489692, 0.4714030594216203, 0.4158346441369681, 0.32827315024660886, 0.188507646561475, 0.07846923331661451, 0.15780115199555322, 0.08948564328173417, 0.39539513160273726, 0.41559144526147357, 0.414523201554285, 0.40424725509701004, 0.23295159549796318, 0.04043702156416837, 0.24902367024893163, 0.22889508969109484, 0.3812575990189044, 0.3914631513842513, 0.36485936054202567, 0.37949302040930605, 0.40112644080167786, 0.3783187443622656, 0.2536434832720439, 0.2464313484980085, 0.4879306368561752, 0.42938330369051714, 0.4726623714479488, 0.387824704392318, 0.421171938586168, 0.43671830253607, 0.2448425900270961, 0.44539287200465894, 0.45261985714078345, 0.444962712021545, 0.45304672247718686, 0.4460695451774353, 0.4434092007208396, 0.44539287200465894, 0.44536083851701014, 0.45038632021573166, 0.4071933980136838, 0.42452859571302964, 0.4711681731517079, 0.20838674326023038, 0.45885863576207087, 0.3396925499590493, 0.13574118390678866, 0.41804247473382555, 0.4517065041329031, 0.4518992125840881, 0.45828471527406717, 0.4582194278045148, 0.45294263839291177, 0.2638132126514984, 0.4455623632150637, 0.40809714257936414, 0.45864874795479355, 0.48154234919489186, 0.46670226787817964, 0.49389026826655, 0.0663232821164696, 0.1961573809794015, 0.460944588260694, 0.03728887763415195, 0.49098164664526395, 0.4486509503005825, 0.46754105902652804, 0.015023308311042372, 0.4676724862943536, 0.031438606731604146, 0.4672072872191716, 0.4676599761247692],