{"lr": [0.00012620948285169316], "epochs": [178], "lr_peak_epoch": [75], "batch_size": [4196], "momentum": [0.45615033221654855], "weight_decay": [6.273927602293595e-05], "label_smoothing": [0.48183138025051464], "num_workers": [8], "lr_tta": [true], "time": [119.0306556224823], "train": [0.89], "test": [0.86]}