{"lr": [0.00017935266181943983, 1.2857071524629737, 2.560630234496487, 0.12591046774858825, 0.0033399043338047736, 0.30993034939047975, 0.0015422351196636983, 0.0009781572117309007, 0.10289941548599073, 0.10270048229676355, 0.054587278537574786, 0.10244662659586513, 0.10246729901132579, 0.10297489072373331, 0.10304709772659543, 0.10397903331198306, 0.13824097810580502, 0.13918585591600036, 0.0031020359856623555, 0.1391473848593493, 0.13819217044107657, 0.13927847995474982, 0.13777901684839503, 0.13975089615316172, 0.006075105862899174, 0.12555450904070092, 0.12658096653826903, 0.12508450837611523, 0.12735341624368984, 0.12737975069871513, 0.12628882363738586, 0.12642181367468572, 0.22148913407341547, 0.2261171404820707, 0.22406525443268863, 0.22467348919585925, 0.22190188915981537, 0.22429369779146674, 0.007336568889568897, 0.2250262093215972, 0.3538139516615687, 0.35380134284699377, 0.3537263592617972, 0.3528778559285765, 0.3510664313373662, 0.3513717776543429, 0.3513682484747065, 0.34929925397943073, 0.3519545752485289, 0.3525629196030391, 0.3510664313373662, 0.35329357226213226, 0.35380134284699377, 0.10270048229676355, 0.102969314220134, 0.12673529319664686, 0.3530461569932589, 0.35286826007970423, 0.011605662085253286, 0.3528386281683728, 0.3539155288787983, 0.35398413668364687, 0.35410441198611736, 0.3541316167778556, 0.1267611631877056, 0.12614832158420428, 0.12778133069655628, 0.35841602043185955, 0.057746452098384346, 1.4737829709225294, 0.002966761904009501, 0.35886709997610194, 0.35446030727655176, 0.356334824818926, 0.2264515586448188, 0.22694830568706462, 0.226207354998132, 0.22734092979883708, 0.2271540720683119, 0.048880745200214834], "epochs": [103, 150, 41, 99, 93, 186, 266, 84, 192, 192, 265, 192, 191, 193, 192, 193, 138, 138, 37, 138, 138, 138, 138, 138, 38, 274, 275, 274, 275, 275, 275, 275, 241, 241, 241, 241, 241, 241, 179, 241, 300, 300, 300, 300, 300, 300, 300, 300, 300, 300, 300, 300, 300, 159, 158, 274, 300, 300, 276, 300, 300, 300, 300, 300, 300, 300, 265, 176, 161, 159, 242, 232, 202, 237, 241, 241, 281, 241, 105, 77], "lr_peak_epoch": [99, 3, 35, 6, 22, 99, 71, 56, 87, 99, 206, 42, 153, 37, 117, 26, 60, 17, 16, 110, 11, 8, 93, 29, 10, 257, 253, 169, 273, 158, 103, 141, 39, 199, 119, 184, 75, 151, 100, 50, 95, 172, 138, 52, 57, 153, 53, 0, 66, 218, 164, 236, 95, 62, 47, 74, 171, 32, 273, 279, 121, 64, 278, 125, 192, 121, 221, 141, 126, 141, 31, 32, 27, 75, 137, 101, 44, 107, 24, 32], "batch_size": [4196, 4196, 4196, 4196, 4196, 4196, 4196, 4196, 4196, 4196, 4196, 4196, 4196, 4196, 4196, 4196, 4196, 4196, 4196, 4196, 4196, 4196, 4196, 4196, 4196, 4196, 4196, 4196, 4196, 4196, 4196, 4196, 4196, 4196, 4196, 4196, 4196, 4196, 4196, 4196, 4196, 4196, 4196, 4196, 4196, 4196, 4196, 4196, 4196, 4196, 4196, 4196, 4196, 4196, 4196, 4196, 4196, 4196, 4196, 4196, 4196, 4196, 4196, 4196, 4196, 4196, 4196, 4196, 4196, 4196, 4196, 4196, 4196, 4196, 4196, 4196, 4196, 4196, 4196, 4196], "momentum": [0.4323752384539602, 0.5840197333322275, 0.46081647174484397, 0.664685459196413, 0.44149066622180244, 0.33924140289464355, 0.8252223017727859, 0.22735371618777023, 0.522349235785342, 0.5236222011643941, 0.44108275175607126, 0.5201172708372417, 0.5208910412099614, 0.5216784224622054, 0.5223029366113647, 0.5277858376772031, 0.051009077931445865, 0.05159774721588649, 0.04124422273949846, 0.05293940908418464, 0.052420916448606046, 0.052283664253429556, 0.052832927957588476, 0.05278318281330124, 0.008786396570132138, 0.7718105372960412, 0.772594424234745, 0.7682670094757228, 0.7776093007642036, 0.7723473776042997, 0.7726131529737168, 0.7727722596773797, 0.7544086932319242, 0.7546895699745872, 0.7533767614004296, 0.7543119894598427, 0.7544092453319502, 0.7542805683825604, 0.9457749324046835, 0.754142513066952, 0.5705147690122909, 0.5708680802752605, 0.571606053655949, 0.5703700413791776, 0.5700096709145861, 0.56811254257438, 0.5694821831783098, 0.5688269136256406, 0.6140354571225151, 0.6194010663292078, 0.6079234375417067, 0.6279371492643078, 0.6342014677677911, 0.5400464209123372, 0.5390216209807579, 0.6901268891954857, 0.6664021572581049, 0.6765861682067164, 0.4558534082116782, 0.6784516956094858, 0.6111078386780635, 0.6032087587668142, 0.5977976918778052, 0.5958632286346387, 0.9998788366493305, 0.9997361391380886, 0.9993961911337191, 0.9086395324910067, 0.9759400499884654, 0.5711540392222385, 0.29602456850629644, 0.8802176611016441, 0.9998248862605269, 0.9366612191286754, 0.995965790580237, 0.9877442306751459, 0.9998269163924702, 0.9999189254523924, 0.9997481604250031, 0.3358283310467497], "weight_decay": [4.735372590287751e-06, 0.0002267122850790321, 0.00035487263869723095, 2.1254398997297858e-05, 0.012123000226241794, 7.02174177644004e-06, 1.1072209791331885e-05, 0.05153820571373287, 6.78133669484709e-06, 6.737869712419643e-06, 0.002388049545680863, 6.82617030559902e-06, 6.751937112386772e-06, 6.911113540047707e-06, 6.898554431278966e-06, 6.866224356300451e-06, 1.000426407860018e-06, 1.0002586176157192e-06, 0.0016609302135459957, 1.0006490967815906e-06, 1.0014881273436005e-06, 1.000958701956235e-06, 1.0016860225560475e-06, 1.0007066785996575e-06, 1.3917151782887603e-06, 1.0004782626599229e-06, 1.0029216050868296e-06, 1.0039428595471473e-06, 1.0014763630315492e-06, 1.0035305813080473e-06, 1.0040284070222252e-06, 1.0053378760712368e-06, 1.0005144955475735e-06, 1.0053378760712368e-06, 1.0045969523453322e-06, 1.000587861620352e-06, 1.0014763630315492e-06, 1.0085065962540995e-06, 0.04758804287570622, 1.0014377242636224e-06, 0.0003289031063829947, 0.0003445548183245087, 0.0003370856916545973, 0.0003229268550296541, 0.0003296072525221667, 0.00032593656469282, 0.0003349033341637889, 0.00032683726165644295, 0.0003488079525523234, 0.00035133003263451934, 0.00034425531361104535, 0.00034113146460469575, 0.00032721083632839367, 5.1472981089239005e-06, 5.1886078744522175e-06, 1.0040284070222252e-06, 0.008919134703635662, 0.006679432234491436, 9.875231304533304e-05, 0.006400047102283008, 0.03490012089428959, 0.0384829273668999, 0.04547803112510658, 0.04664628148083634, 3.6693206705840313e-06, 3.3254066561789827e-06, 5.3673724850778725e-06, 0.00014583301269220693, 0.0001581164488276257, 0.002896276862098327, 0.00041405662566043123, 0.00013767748231725946, 0.00027492180119349145, 0.0002219518073382093, 1.5230078732383668e-05, 1.4343090024486233e-05, 1.5033559060674373e-05, 1.2899989783892874e-05, 9.892482108569747e-06, 0.0020118836675124],