{"lr": [0.00012620948285169316, 0.1978750813849688, 0.0036944045783873403, 0.05287611611666828], "epochs": [178, 38, 98, 277], "lr_peak_epoch": [60, 12, 84, 237], "batch_size": [4196, 4196, 4196, 4196], "momentum": [0.45615033221654855, 0.5424520432981197, 0.7380960415120643, 0.877518332146652], "weight_decay": [6.273927602293595e-05, 0.002056809206736007, 0.056367092160922345, 0.004153657070670374], "label_smoothing": [0.48183138025051464, 0.22842182419214757, 0.24939737595670236, 0.3602375034661395], "num_workers": [8, 8, 8, 8], "lr_tta": [true, true, true, true], "time": [164.0710732936859, 38.11918640136719, 86.92974781990051, 233.34033060073853], "train": [0.5, 35.85, 5.62, 43.13], "test": [0.42, 34.44, 6.06, 41.66]}