{"lr": [0.00012620948285169316, 1.4557916623227765, 0.7776492451078378, 2.239034272168371, 7.8179288051723566, 0.9903593841281118, 0.020295362430434737, 0.7991823454611494, 1.1565096921496973, 1.2633006668572937, 7.8179288051723566, 1.260236334598342, 1.173970556262054, 0.0002996228341377654, 0.00023817972165890303, 0.0007034448384277532, 0.2901736351517209, 0.805828821120542, 0.14118455639510358, 0.3524447944095857, 0.31128726470529905, 0.19599877815342767, 0.00031705487596673734, 0.0006493288113703829, 0.010862167264542127, 0.3527489463823483, 0.4463994770992566, 0.903437992684359, 0.9197504567838483, 1.0798688049647618, 0.7997339283188405, 0.3443599742055681, 0.20672405509021138, 0.3527489463823483, 0.0025624212589796715, 0.38533429996296437, 0.33823070976871455, 0.22411392254240453, 0.3486356617216803, 0.1766798044054752, 0.4463994770992566, 0.4122035742137706, 0.0022471886164168154, 0.42448945407674915, 0.44809333206772867, 0.40433338655597817, 0.4110283827856403, 0.42039002456961205, 0.4209133014924683, 0.42039002456961205, 0.44548014443269407, 0.0015852631590727076, 0.4259281477230032, 0.4337178825116525, 0.4435152679147734, 1.9436283314646323, 3.6717224229822394, 0.8217752742667405, 0.5532045222474326, 0.4398343972964681, 0.3306792731037903, 0.03859602561972595, 0.23910597998540042, 0.0063493285782526806, 0.12450658527134313, 0.178063714279633, 0.18104206664664593, 0.28617607123731276, 0.05759587539371156, 0.0035637245585603693, 0.20512748820104137, 2.0492395739671245, 0.5017502852824766, 0.42039002456961205, 0.3507130851068118, 0.05092182602440237, 0.339345133500901, 0.0007479283938585754, 0.37986196680810547, 0.3905909445056252], "epochs": [178, 223, 193, 177, 144, 205, 148, 271, 205, 214, 246, 66, 204, 194, 138, 165, 290, 213, 293, 219, 229, 230, 248, 70, 248, 238, 218, 277, 210, 223, 232, 216, 298, 251, 211, 212, 253, 252, 232, 228, 219, 218, 263, 218, 218, 218, 217, 218, 219, 219, 219, 235, 219, 221, 220, 154, 221, 220, 221, 219, 219, 96, 219, 221, 219, 219, 204, 203, 273, 97, 219, 120, 58, 207, 202, 166, 219, 279, 165, 203], "lr_peak_epoch": [79, 54, 102, 157, 74, 37, 16, 129, 104, 211, 14, 40, 123, 21, 20, 117, 113, 34, 69, 74, 137, 213, 205, 5, 199, 15, 147, 244, 49, 22, 112, 133, 256, 182, 119, 116, 83, 65, 163, 224, 21, 209, 262, 50, 23, 155, 203, 10, 66, 4, 9, 79, 54, 76, 76, 92, 129, 169, 194, 127, 55, 47, 156, 117, 215, 176, 182, 57, 80, 66, 112, 13, 52, 27, 107, 12, 61, 152, 147, 67], "batch_size": [4196, 4196, 4196, 4196, 4196, 4196, 4196, 4196, 4196, 4196, 4196, 4196, 4196, 4196, 4196, 4196, 4196, 4196, 4196, 4196, 4196, 4196, 4196, 4196, 4196, 4196, 4196, 4196, 4196, 4196, 4196, 4196, 4196, 4196, 4196, 4196, 4196, 4196, 4196, 4196, 4196, 4196, 4196, 4196, 4196, 4196, 4196, 4196, 4196, 4196, 4196, 4196, 4196, 4196, 4196, 4196, 4196, 4196, 4196, 4196, 4196, 4196, 4196, 4196, 4196, 4196, 4196, 4196, 4196, 4196, 4196, 4196, 4196, 4196, 4196, 4196, 4196, 4196, 4196, 4196], "momentum": [0.45615033221654855, 0.5684339488686485, 0.018789800436355142, 0.6176354970758771, 0.6120957227224214, 0.6169339968747569, 0.9437480785146242, 0.6818202991034834, 0.6751893907350444, 0.027818579286140736, 0.6500504362029341, 0.4768858578578927, 0.5679023659693629, 0.565033778262073, 0.5624142914815415, 0.4737146668970649, 0.5908727612481732, 0.6386479333207835, 0.589090128938133, 0.5962985587715572, 0.6041397523917039, 0.153204636609197, 0.7142412995491114, 0.12381998284944151, 0.6974287731445636, 0.6232168459537604, 0.6289266123773819, 0.6360286869074884, 0.7094272655408335, 0.7141008261467259, 0.7207293226251003, 0.8126159694890641, 0.02065099946572868, 0.6422851112279125, 0.06395526612098112, 0.6362453554375459, 0.6239467556093411, 0.6289266123773819, 0.616032496066633, 0.23434115632112784, 0.6173765960649681, 0.6051968818579567, 0.05537432042119794, 0.6130650449438908, 0.6232168459537604, 0.2002134322241353, 0.6127862067327307, 0.6121363594736838, 0.6127862067327307, 0.6121363594736838, 0.6180800948654631, 0.7963914745173317, 0.6191561708553824, 0.6130650449438908, 0.615309961751454, 0.9518744768327362, 0.6136502940476561, 0.6160744450974618, 0.6152395177513633, 0.6141800984984919, 0.6170780239200606, 0.554687808661419, 0.6147717818156911, 0.9249669119531921, 0.6181824186903239, 0.6188819002014679, 0.6180800948654631, 0.7379498589659141, 0.455444149450027, 0.5249704422542643, 0.6170780239200606, 0.25364252425682277, 0.6223844285660048, 0.7283995601716902, 0.7395892922038191, 0.8298973686033432, 0.9268860405957089, 0.9521426972954208, 0.7150430654254185, 0.8312861372276569], "weight_decay": [6.273927602293595e-05, 0.00015316508243748712, 0.003077201812975576, 2.0004484210638855e-06, 0.002156917714305619, 0.00225522225239458, 1.1269711680133682e-05, 4.411959206764395e-06, 0.004324592143928177, 0.003077201812975576, 0.004095827600089409, 1.8800640393151315e-06, 0.003623184900222306, 4.908009782409904e-05, 0.00453630554008823, 0.022650100067008704, 0.02881487733166084, 0.005942641139710564, 0.02881487733166084, 0.008814426274364615, 0.005386421926377929, 0.01273825057010241, 0.0986813387889167, 0.01737965482009739, 0.0001852308899805385, 0.008072109066499123, 0.008999540894228029, 0.014747644613086818, 0.014805419679436101, 0.010416959202600119, 0.011026832011675201, 0.006608397445457157, 0.006192888619289035, 0.0011920845293567483, 0.0002680019658454027, 0.0007675200004507903, 0.005517335348559598, 0.00728822149854222, 1.5477142761500762e-06, 0.0046866824733155016, 0.008999540894228029, 0.009528729109618678, 3.22101815287529e-05, 0.00907294550679478, 0.009462391444212034, 0.008620433178128854, 0.008688577692588365, 0.009207087945027238, 0.008816685458378376, 0.008835337008303109, 0.008880599203078253, 0.062493236210311644, 0.008999540894228029, 0.00811416155262983, 0.008072109066499123, 0.0007564074719136706, 0.008890774501387734, 0.008897325294662691, 0.008987973570633929, 0.008881407238462171, 0.008816685458378376, 2.724316743777189e-05, 0.008999540894228029, 1.6983865991372076e-06, 0.009185204331370623, 0.009009057812982226, 0.009041205902817305, 0.008897325294662691, 0.0001019923684222037, 0.005662068440898617, 0.009917926682452933, 0.00017008952303355492, 0.003569784615949022, 0.007068700769733122, 0.00708488792678479, 0.06941159937254456, 0.008731696082040935, 3.163330708761546e-05, 0.007144618015131227, 0.007065242177713603],