{"lr": [0.00012172631218764088, 4.827347152389729, 3.3141867387374093, 0.00028509694370900854, 0.001536610809697217, 0.010863712906486377, 0.0009751725707074689, 1.7359690195954287, 0.0005839175313081344, 0.0005751831050369876, 0.0005758998879870203, 0.0005777801759534095, 0.0005831261189732394, 0.0005842034375549039, 0.000584934284353058, 0.0005824742829616868, 0.0010055162455656285, 0.0010040125719442715, 0.0010116193809668866, 0.0010079794395921713, 0.0010061682554366274, 0.0010071564014515178, 0.0010054689219657132, 0.0010250511110660645, 0.5280421256306529, 0.00034265360108423864, 0.0003390484144796234, 0.00033994942455405736, 0.0003395178704442796, 0.0003451493959900897, 0.00033836847510752404, 0.00033955079134688086, 0.002533036258036242, 0.002539310979419034, 4.394814456756471, 0.002524733242291166, 0.0025141251771723058, 0.002502082936519281, 0.0024986255925168394, 0.002498732800458678, 0.0007870237258006952, 0.0007895052079155498, 0.0007860851452289715, 0.0007875370687506478, 0.0007830754253140903, 0.0007842211506242603, 0.0007893460311517488, 0.0038486378550442873, 0.0014373329589508683, 0.0014383704166000795, 0.001429682538702506, 0.0014328124477788438, 0.0014412261940460753, 0.001429587837532749, 0.0014316476648940496, 0.04243066031531339, 0.047967262482183186, 0.04813760415110072, 0.04883783910035814, 0.002972342390320136, 0.04890916306357555, 0.04885644597425097, 0.0039186648890253434, 0.0002200490787223121, 0.0010120139618579565, 5.700522019757959, 0.0010202391827807055, 0.04218236122048013, 0.04198714732057847, 0.042959614927802, 0.0014131089297128802, 0.0007714666527306062, 0.04209987488950342, 0.0014366212557547524, 0.0014373329589508683, 0.0014379967087578805, 0.001430897612122832, 0.002477212068325119, 0.0024877130465383586, 0.002521616997512582], "epochs": [117, 293, 219, 113, 79, 248, 114, 109, 34, 34, 34, 34, 34, 34, 34, 34, 116, 116, 116, 116, 116, 116, 116, 115, 285, 137, 137, 137, 137, 137, 137, 137, 73, 73, 163, 73, 73, 73, 73, 73, 34, 34, 34, 34, 34, 34, 34, 88, 80, 80, 80, 80, 80, 80, 80, 138, 30, 30, 30, 278, 30, 30, 79, 300, 116, 206, 116, 138, 139, 138, 80, 34, 138, 80, 80, 80, 80, 73, 73, 73], "lr_peak_epoch": [75, 188, 104, 22, 52, 118, 42, 96, 15, 14, 2, 3, 6, 33, 11, 26, 92, 46, 69, 34, 24, 90, 59, 16, 236, 124, 63, 36, 134, 25, 103, 110, 21, 3, 79, 30, 12, 10, 32, 42, 24, 20, 16, 22, 13, 7, 29, 70, 42, 16, 13, 7, 19, 23, 39, 61, 0, 25, 13, 140, 7, 9, 26, 121, 87, 110, 33, 72, 64, 58, 11, 16, 94, 27, 32, 79, 42, 8, 48, 60], "batch_size": [4196, 4196, 4196, 4196, 4196, 4196, 4196, 4196, 4196, 4196, 4196, 4196, 4196, 4196, 4196, 4196, 4196, 4196, 4196, 4196, 4196, 4196, 4196, 4196, 4196, 4196, 4196, 4196, 4196, 4196, 4196, 4196, 4196, 4196, 4196, 4196, 4196, 4196, 4196, 4196, 4196, 4196, 4196, 4196, 4196, 4196, 4196, 4196, 4196, 4196, 4196, 4196, 4196, 4196, 4196, 4196, 4196, 4196, 4196, 4196, 4196, 4196, 4196, 4196, 4196, 4196, 4196, 4196, 4196, 4196, 4196, 4196, 4196, 4196, 4196, 4196, 4196, 4196, 4196, 4196], "momentum": [0.44128047945868865, 0.4426387658242227, 0.9328923835341904, 0.31814919017790333, 0.15432935480415233, 0.40736614635973367, 0.8155699756606415, 0.02302136297741575, 0.4678391299215103, 0.46882917655463513, 0.46822331050787674, 0.4671700067340634, 0.46760070841756435, 0.4646392446283188, 0.4683715431677798, 0.4678232471834918, 4.9008164498508255e-05, 0.0006529063419674786, 0.000787242719409418, 4.1271049248402074e-05, 0.00142562531891377, 0.0007343761832992395, 0.00020033802244299526, 0.00016929002374558634, 0.08860182073857858, 0.00037043373922685473, 1.3515093181555213e-05, 0.0004945776326594818, 0.0007394581299867307, 0.0002807406885382074, 7.382461038707346e-05, 0.0007767801943603392, 0.1579122875367332, 0.1581592224349743, 0.12648083076822525, 0.15802692953148129, 0.15894460183651218, 0.1580589711785185, 0.15844256987572022, 0.1589782816214453, 0.1684471418218073, 0.16906475387293257, 0.16760539692155696, 0.16937884787607563, 0.170287991363076, 0.16965304392927247, 0.16459015555373327, 0.29338656623162174, 0.318778845239066, 0.31945951031514147, 0.31831666131532665, 0.3201809236301956, 0.31883395476505416, 0.31905009826848196, 0.3206947156637122, 0.44065316767572393, 0.5642712468441629, 0.564193928475303, 0.5643509214969571, 0.22569111594497204, 0.5649266373179349, 0.5653080858160581, 0.13041647377235532, 0.9996676989453169, 0.11744492218633182, 0.8140786162803202, 0.11932379674771139, 0.4624522469150842, 0.6538418015054499, 0.44065316767572393, 0.8173184124467536, 0.41621326397477615, 0.4349121670227234, 0.6748842846497257, 0.634390560090619, 0.6435128919163886, 0.9474108241692711, 0.5055338271194016, 0.28638009245736556, 0.33748140109210306], "weight_decay": [1.3288963555050385e-05, 0.03057673762625876, 0.012136996648028756, 3.297336082338344e-06, 0.0008178190809310242, 0.02082993234810449, 1.6723886727968432e-05, 1.1230400565006877e-06, 0.00016204088160024787, 0.00016596174100678824, 0.00016382780898328288, 0.00016805487572828996, 0.00016531313655590137, 0.00016113618957282322, 0.00016351622252109942, 0.00016206424181978505, 3.4108910155831886e-05, 3.417488860011494e-05, 3.454523929648395e-05, 3.306986807046736e-05, 3.409773787823113e-05, 3.4429359552333855e-05, 3.306735734589653e-05, 3.300925447555151e-05, 6.380969007338788e-06, 0.015118108381542775, 0.015611796346310994, 0.01527748749863586, 0.015081567732026973, 0.014831103603790748, 0.015633325107338475, 0.015226658326442424, 9.965383166851145e-06, 9.843336061646536e-06, 1.4630044608562822e-06, 1.0156921015397672e-05, 1.0114023106230837e-05, 9.95707408164674e-06, 9.885634373170692e-06, 1.0016282563578811e-05, 1.0008013807502829e-06, 1.0011534571597511e-06, 1.0009782089823125e-06, 1.0023904973007715e-06, 1.000930981082833e-06, 1.001930105552768e-06, 1.000722366334612e-06, 3.12068594733657e-06, 0.0010516389839370385, 0.0010610897763108844, 0.0010503221092052646, 0.0010499732529921483, 0.0010538654300906451, 0.001035610802374867, 0.0010471902403009663, 3.821357665562284e-05, 1.0002079726129574e-06, 1.0000233419508443e-06, 1.0045882783351243e-06, 2.3375684854796387e-05, 1.0036857605497577e-06, 1.0056270608653198e-06, 0.015770500404380543, 1.0070707967739834e-06, 1.895986530877767e-05, 0.001719747074507614, 1.473435842307952e-05, 5.620101876055509e-05, 1.610428576589436e-05, 3.821357665562284e-05, 1.0097894847813208e-06, 1.005839792049467e-06, 3.436995834739705e-05, 1.008790111799016e-06, 1.2152183597083108e-06, 1.1546989214868664e-06, 1.0015552360895082e-06, 5.874872268419294e-05, 6.736502098559539e-06, 3.8549989156234656e-05],