{"lr": [0.0009776260837591143, 0.0033047233141062283, 0.1809205858394161, 0.2903991156091528, 0.6884642246914704, 0.00011265202416025709, 0.007841635335543969, 0.029293243134260002, 0.4329823310816546, 0.4328729597185577, 0.4325729368983034, 0.26930756378340065, 0.43236710949493334, 0.4307708312345729, 0.43324899411766526, 2.5007012124243917, 0.0016839212965933782, 3.150514523884511, 3.14454786687765, 3.2306608782057484, 3.143932015948115, 3.148459922454375, 3.14624074630395, 3.109786370104842, 0.43324899411766526, 0.43958969011804633, 0.4343987838044608, 0.43236710949493334, 0.4343644756728317, 1.3492444807098782, 0.4347788494350079, 3.7486176257212196], "epochs": [88, 168, 86, 50, 224, 143, 169, 35, 143, 143, 143, 171, 143, 143, 143, 219, 98, 161, 161, 161, 161, 161, 161, 161, 143, 143, 143, 143, 143, 226, 143, 225], "lr_peak_epoch": [46, 149, 36, 34, 152, 80, 152, 6, 64, 117, 4, 27, 103, 9, 96, 117, 35, 17, 91, 137, 70, 64, 112, 24, 68, 131, 91, 19, 112, 126, 41, 164], "batch_size": [4196, 4196, 4196, 4196, 4196, 4196, 4196, 4196, 4196, 4196, 4196, 4196, 4196, 4196, 4196, 4196, 4196, 4196, 4196, 4196, 4196, 4196, 4196, 4196, 4196, 4196, 4196, 4196, 4196, 4196, 4196, 4196], "momentum": [0.8878556580659899, 0.4772100053835976, 0.6262967158420493, 0.14580206798739692, 0.06222215334917036, 0.3971542487583217, 0.29283486655498214, 0.7639027367748523, 0.3871623196943949, 0.3867706347410994, 0.3873042384523186, 0.2997903954919223, 0.38637714366605364, 0.3856570534864038, 0.38881699668304864, 0.06445629801453112, 0.3012652070766966, 0.3448895355510719, 0.34469230770862047, 0.3449049150960806, 0.3447114351833472, 0.344662368792593, 0.34488544070060667, 0.34477589428168975, 0.3925637749413362, 0.39416862639664274, 0.39170621388877364, 0.3915950790739958, 0.39296011481083826, 0.5983493986823067, 0.3919990403823743, 0.06225333622329318], "weight_decay": [0.00014581111545434723, 4.3497504738114504e-06, 3.649981195401751e-06, 0.09603711967221953, 5.949391330516233e-06, 0.0011425894155470977, 0.005645360197913947, 0.0006835794590749542, 6.219204984050647e-06, 6.225836673236249e-06, 6.2208232456549066e-06, 0.00016211096099321567, 6.263464413216967e-06, 6.2744428561484316e-06, 6.209117466222319e-06, 0.004104374588254346, 5.921383164353225e-05, 4.759194772893775e-06, 4.8408494672504374e-06, 4.800727780939845e-06, 4.768343729039107e-06, 4.74463604342142e-06, 4.730034045335235e-06, 4.704087618929276e-06, 6.3002483593011406e-06, 6.2312126497358355e-06, 6.347585016186722e-06, 6.263464413216967e-06, 6.287714677649534e-06, 0.010545912536511107, 6.316207574638098e-06, 8.27987934585158e-06], "label_smoothing": [0.01958648826027637, 0.32709365229621556, 0.43874864662057805, 0.2029544767320391, 0.09927078962709296, 0.3598741838352147, 0.498356920264956, 0.4287947757753776, 0.2688475284336445, 0.26914706351358336, 0.26814734057439266, 0.015355651884066235, 0.26820384496495836, 0.2686473354672334, 0.26805378433985155, 0.039451578016716005, 0.4395036747615472, 0.04169617038567378, 0.04126287909128513, 0.04189712569346753, 0.04159645916482289, 0.04198431052843248, 0.04160362450653963, 0.04191660943084705, 0.26869584338277686, 0.26914706351358336, 0.26846620637871677, 0.26886146273751016, 0.26947474098836477, 0.03123492237972869, 0.26814734057439266, 0.09703444535134749], "num_workers": [8, 8, 8, 8, 8, 8, 8, 8, 8, 8, 8, 8, 8, 8, 8, 8, 8, 8, 8, 8, 8, 8, 8, 8, 8, 8, 8, 8, 8, 8, 8, 8], "lr_tta": [true, true, true, true, true, true, true, true, true, true, true, true, true, true, true, true, true, true, true, true, true, true, true, true, true, true, true, true, true, true, true, true], "time": [60.109278202056885, 95.6853940486908, 52.52025866508484, 33.30575919151306, 125.63810539245605, 82.88445234298706, 96.33556604385376, 25.97000789642334, 83.08368802070618, 82.78500604629517, 82.89626026153564, 97.77291059494019, 82.93184041976929, 82.72522568702698, 83.03955435752869, 122.8166754245758, 59.29055953025818, 96.07114768028259, 97.0643584728241, 97.13965797424316, 96.93146061897278, 96.65036749839783, 94.14907097816467, 93.73928451538086, 84.24577236175537, 84.0981695652008, 84.1841869354248, 83.98045635223389, 84.07323908805847, 128.17455077171326, 84.046062707901, 128.02960729599], "train": [22.73, 17.52, 58.83, 1.01, 99.24, 0.22, 17.81, 30.35, 89.68, 84.97, 87.73, 96.57, 88.01, 83.38, 88.74, 0.98, 3.66, 1.0, 1.01, 1.0, 0.99, 1.0, 1.02, 1.07, 90.86, 83.62, 88.65, 92.77, 86.23, 1.0, 92.77, 0.98], "test": [23.27, 17.92, 44.37, 1.0, 44.68, 0.25, 17.87, 30.17, 45.99, 47.58, 41.98, 43.94, 47.64, 42.99, 47.34, 1.0, 3.73, 1.0, 1.0, 1.0, 1.0, 1.0, 1.0, 1.08, 46.26, 46.65, 46.47, 43.59, 46.89, 1.0, 46.02, 1.0]}