{"lr": [0.9708529516963665, 0.00015607070176293955, 1.269503800776666, 1.610346824682112, 0.006635946739395685, 0.0014059287065769281, 0.026447721012687078, 0.10905678779848176, 3.4124147650780294, 1.4752487158156047, 5.3697130824073565, 2.086483594466517, 0.07508321806355098, 0.4113889534412306, 0.909554134856826, 0.9533362884110014, 5.204545557187306, 6.538621821629519, 5.809054182026641, 0.18045378109974305, 0.030063644842240257, 4.940741776678002, 0.014683780798782717, 0.19278289903867257, 0.3708915630375297, 0.14686791807178193, 0.0004509858800932534, 1.3817988865435769, 1.4098603203731415, 0.13798961133334695, 0.14692616546384127, 0.11389016335754056, 0.00033972489838677975, 0.04439898543593801, 0.0018071831070903771, 0.027050785882004724, 0.03079737126240376, 0.013894584841033774, 0.11870936953563922, 0.09038906899735885, 0.10719456536950375, 0.10666536310736496, 0.0004284478503814491, 0.1212026409393879, 0.10281926987026839, 0.15718269617720448, 0.15504298740121286, 0.1507890901898139, 0.16774028248160164, 0.17826796841230347, 0.28556289282987024, 0.014497302873103579, 0.1723673802522767, 0.18510344606895648, 0.11264592547342149, 0.00011133923590194728, 0.1472367284520873, 0.03253851847975112, 0.038788368011536616, 0.1512364148404045, 0.14753674786307805, 8.74079739969508, 0.036488018287108584, 0.029969613337138937, 0.10907429610534852, 0.11123138921347074, 0.11264592547342149, 0.10559146960734445, 0.0004466902730410382, 0.0013949703655948495, 0.0013880213321528871, 0.00024144864164733995, 0.04359410401561209, 0.11264592547342149, 0.11231098969514784, 0.05663413321557508, 0.11170527071303725, 2.8533314593525083, 0.10907429610534852, 0.1160791861788347], "epochs": [235, 136, 261, 259, 119, 141, 38, 114, 260, 91, 237, 234, 175, 200, 254, 240, 254, 243, 259, 268, 126, 217, 193, 161, 39, 277, 284, 282, 269, 287, 194, 219, 85, 211, 44, 226, 235, 298, 266, 266, 238, 244, 158, 215, 270, 271, 271, 267, 218, 239, 279, 156, 203, 271, 223, 71, 271, 270, 275, 239, 258, 251, 230, 297, 189, 270, 270, 270, 223, 56, 269, 217, 110, 213, 211, 207, 216, 105, 156, 300], "lr_peak_epoch": [93, 126, 126, 17, 17, 59, 9, 97, 241, 24, 132, 66, 101, 38, 103, 30, 217, 59, 208, 132, 10, 36, 76, 145, 27, 12, 65, 113, 132, 198, 32, 18, 48, 146, 40, 101, 136, 204, 228, 18, 107, 183, 60, 68, 253, 26, 65, 265, 70, 181, 140, 110, 175, 30, 54, 32, 175, 22, 38, 143, 66, 47, 92, 8, 40, 88, 7, 49, 192, 49, 128, 197, 50, 171, 202, 34, 198, 33, 107, 81], "batch_size": [4196, 4196, 4196, 4196, 4196, 4196, 4196, 4196, 4196, 4196, 4196, 4196, 4196, 4196, 4196, 4196, 4196, 4196, 4196, 4196, 4196, 4196, 4196, 4196, 4196, 4196, 4196, 4196, 4196, 4196, 4196, 4196, 4196, 4196, 4196, 4196, 4196, 4196, 4196, 4196, 4196, 4196, 4196, 4196, 4196, 4196, 4196, 4196, 4196, 4196, 4196, 4196, 4196, 4196, 4196, 4196, 4196, 4196, 4196, 4196, 4196, 4196, 4196, 4196, 4196, 4196, 4196, 4196, 4196, 4196, 4196, 4196, 4196, 4196, 4196, 4196, 4196, 4196, 4196, 4196], "momentum": [0.37303533180344395, 0.6224759753945488, 0.914917212182054, 0.5517038779281667, 0.2528283988553093, 0.1281559630497302, 0.22502783381550318, 0.7093417389711637, 0.3193232640950363, 0.6404263527480569, 0.41986366938729747, 0.3200048147204743, 0.7162662327987821, 0.3966157479831376, 0.9856447465550695, 0.5477758427607287, 0.5360230710462546, 0.4559140693124708, 0.914042432821851, 0.48079425735269077, 0.0561090837426647, 0.4318047820740978, 0.8620572641414335, 0.3068116934703362, 0.3618115991833938, 0.35587393500674613, 0.3333291282999047, 0.5438841101556574, 0.5494869897243918, 0.6687797965795325, 0.3943467944378833, 0.46370995658171527, 0.583515080437547, 0.24124419137124864, 0.0704047594319619, 0.43960392870025006, 0.41382672549693156, 0.3928306851051716, 0.7019351313124815, 0.6600231636088959, 0.5657819009423526, 0.5382591310046384, 0.5212687521569447, 0.3966157479831376, 0.5218565346804509, 0.6902766985082227, 0.693268097968943, 0.694380962726174, 0.7216323314365721, 0.524588948470974, 0.7289341223436351, 0.8679678602345877, 0.5158501982400192, 0.7011821517578462, 0.5577996902421051, 0.775265698588975, 0.6480450698125725, 0.682642978109464, 0.6698215087525826, 0.6896617026059784, 0.6516762930173463, 0.9698229438093411, 0.6226093574504077, 0.07156156706384631, 0.5549999053786395, 0.5646881690836858, 0.5532699489402225, 0.5639531552641543, 0.2052919019286269, 0.2870158884409071, 0.5631449487829008, 0.468621057123352, 0.3256290024295039, 0.6383860497401845, 0.6532631329680356, 0.9457714441637837, 0.69610702285374, 0.7079836358232063, 0.6930520738854191, 0.6480450698125725], "weight_decay": [3.0899323632485255e-05, 0.00015142019867598534, 0.00968780127908577, 0.0011733063886131038, 0.000337170045418895, 0.01568227082324566, 0.00032060442419535565, 0.0019213049148363763, 3.046065273783364e-06, 1.0172131614636606e-05, 1.7551330685554662e-06, 1.2758353783376203e-05, 0.0015620161711068507, 0.015749073652919648, 0.0066296392620964215, 0.002546894501462698, 0.011985591658337038, 0.015471561612275456, 0.01120930357428742, 0.023859373359480848, 0.014564945846521134, 0.01511252379996176, 2.2426503678748915e-05, 0.06534709212526368, 0.024425720805442065, 0.016484619600943152, 0.033207838665139856, 0.0023700855832630564, 0.0022074972437422995, 0.023859373359480848, 0.029170359946848315, 0.0281965200724724, 1.503052719709399e-06, 0.04537301612638649, 9.225662781376096e-06, 0.033777979699650476, 0.053774594038140396, 0.03297954085783036, 0.023859373359480848, 0.02866789113494208, 0.029170359946848315, 0.028008797361254594, 1.3360483420284774e-05, 0.02508757167166742, 0.028328768343348184, 0.0304038419150642, 0.023859373359480848, 0.03046218271552587, 0.023859373359480848, 0.02426867700421913, 0.028764276206429566, 0.014137530242758777, 0.023859373359480848, 0.023859373359480848, 0.024109752675098215, 0.07397314263961915, 0.025890141664608297, 0.027063410564234634, 0.02545818555491257, 0.027540137971156953, 0.025389014650186306, 1.2152159177583772e-05, 0.026976471313580566, 0.00457592038095983, 0.01650082826483125, 0.017670617267808292, 0.02125938433165702, 0.01884340320129716, 2.1352958726217823e-06, 0.0002953751192376706, 0.01693402848550969, 0.0027762568496765374, 2.9211621954563286e-05, 0.024109752675098215, 0.023988289625510674, 0.008350128685221324, 0.024156724108612818, 0.00010403302616127102, 0.024164190106143964, 0.024083376227628808],