{"lr": [0.013452717243764154, 0.0002950600528632314, 0.0308680597252998, 0.00010962651731241683, 0.01822877583506347, 0.00019769001179921654, 0.22921198976954876, 0.01744502694399165, 0.03984545435926632, 0.5994077709302326, 0.2358729212336962, 0.00021457513730653626, 0.05741404760952316, 0.04398579353879869, 0.00017493213941397357, 0.03597266207462755, 0.0011265795142126327], "epochs": [195, 263, 150, 70, 272, 211, 213, 43, 285, 277, 287, 264, 271, 145, 272, 80, 281], "lr_peak_epoch": [148, 59, 78, 43, 16, 183, 93, 34, 243, 99, 125, 249, 13, 51, 121, 44, 8], "batch_size": [4196, 4196, 4196, 4196, 4196, 4196, 4196, 4196, 4196, 4196, 4196, 4196, 4196, 4196, 4196, 4196, 4196], "momentum": [0.23205065153252669, 0.6902901216246594, 0.5669155654023422, 0.11183323531993372, 0.5005442435332684, 0.3658144098509294, 0.8580659251750968, 0.5581843337218392, 0.44344289056919256, 0.9704480565602879, 0.8698396813218362, 0.759555270870048, 0.1949463131386483, 0.15406764386266464, 0.19509021304362495, 0.44835726102769197, 0.35889503192344985], "weight_decay": [4.5109091989546505e-05, 0.03817998653399306, 0.0018605593126389702, 0.0040604608296454315, 0.029469283210366782, 3.164270954398051e-05, 3.5124763963059637e-06, 6.049181335098982e-05, 0.029469283210366782, 3.767902306889452e-05, 3.6325549989294935e-06, 0.07292600376585005, 3.48497097313849e-06, 9.082843251794713e-06, 0.002111754589744517, 0.0003001435940790107, 0.0400105803889883], "label_smoothing": [0.12362048479660326, 0.18975995733014384, 0.4427332964039646, 0.3911733952452753, 0.05981042655352098, 0.27446838774925153, 0.41198408714686346, 0.022624523291406573, 0.09945346564735638, 0.07355575115875156, 0.43110715013685835, 0.152957229989167, 0.21189700339904302, 0.35603252524464923, 0.14535953398344956, 0.0935818359363628, 0.034427872920172534], "num_workers": [8, 8, 8, 8, 8, 8, 8, 8, 8, 8, 8, 8, 8, 8, 8, 8, 8], "lr_tta": [true, true, true, true, true, true, true, true, true, true, true, true, true, true, true, true, true], "time": [122.30066990852356, 156.79149508476257, 92.0343873500824, 46.72964406013489, 162.04142880439758, 127.10855054855347, 127.95434617996216, 31.48573589324951, 169.10188102722168, 164.20101237297058, 170.45455479621887, 157.58045887947083, 160.78778457641602, 89.68924069404602, 161.7390797138214, 52.47854542732239, 166.93846035003662], "train": [38.15, 11.23, 48.91, 0.29, 89.74, 3.9, 99.95, 29.11, 98.02, 99.97, 99.97, 11.21, 89.55, 45.86, 3.66, 45.43, 16.84], "test": [33.82, 11.08, 38.84, 0.24, 49.27, 4.27, 47.56, 27.68, 56.17, 54.6, 47.94, 11.27, 42.0, 37.43, 3.93, 37.94, 16.96]}