{"lr": [0.0004632551927007393, 0.000531937005340978, 0.002907388717734226, 0.19827850047958986, 0.9985023421086711, 0.0038362201404635284, 0.0739792394707578, 0.0003889507746201645, 1.2004322063714419, 1.6096172505773587, 3.5658295435584693, 2.6344904255643917, 2.27372167306765, 0.2636942126581483, 0.01824560170965635, 0.004528193159176157, 4.653426291660887, 2.675976883512395, 0.3948719392744349, 3.434481469816836, 0.8453219085471215, 0.44001233503338166, 0.871398438525625, 0.0002296956987946542, 0.0007761928794568698, 0.9265474715217773, 0.9990735406306699, 0.7928161391135358, 0.831957967137529, 1.0379420307657816, 0.909997684359747, 0.8475263065532482, 2.324804763701408, 1.4447644268469588, 9.94479886014463, 1.4396284736189549, 1.5906545255853715, 1.7354515817222105, 1.145922720166922, 1.9442685053861213, 1.0379420307657816, 1.0402762563619283, 0.09210609427433593, 1.046437987254982, 1.1251033181578651, 1.0643317305563629, 1.0925722125372155, 1.1085508557023538, 1.0080673734143268, 1.0344008068741464, 1.0134831689893034, 0.5920250485765022, 1.0402762563619283, 1.00462691637856, 0.7277281111679081, 2.138920863520708, 0.6287419373465132, 0.6351122090157381, 0.6560899335890769, 0.9183783513033051, 1.0080673734143268, 0.0009500501626821124, 0.8919971649527993, 1.8440844109009387, 1.037423227143613, 1.0379420307657816, 0.749692211826266, 0.6718832532007186, 0.5212110095313236, 0.00465361570555196, 0.7723911817764276, 0.7974417696704122, 0.004929011234518929, 0.8500036813574082, 0.899031921011181, 0.36624457741689853, 0.9958523417376492, 7.548567119585079, 0.8832330918580329, 0.9459029828470981], "epochs": [274, 225, 153, 38, 111, 250, 262, 211, 137, 108, 55, 100, 259, 112, 81, 100, 69, 77, 152, 51, 81, 70, 249, 288, 87, 42, 77, 82, 232, 90, 255, 38, 66, 141, 91, 135, 245, 204, 161, 128, 63, 110, 115, 128, 52, 64, 114, 111, 85, 95, 83, 270, 97, 68, 159, 226, 100, 101, 143, 108, 108, 136, 106, 137, 90, 90, 90, 86, 209, 147, 85, 96, 212, 86, 96, 206, 184, 175, 205, 116], "lr_peak_epoch": [39, 118, 12, 27, 68, 2, 143, 111, 27, 29, 29, 38, 237, 109, 42, 24, 52, 37, 14, 35, 27, 58, 234, 80, 42, 33, 33, 31, 7, 12, 238, 21, 56, 76, 52, 38, 7, 48, 26, 41, 33, 93, 78, 21, 18, 50, 35, 107, 20, 39, 61, 37, 9, 48, 43, 42, 2, 27, 42, 36, 40, 72, 24, 110, 46, 53, 27, 14, 4, 11, 59, 40, 63, 84, 54, 181, 21, 86, 76, 37], "batch_size": [4196, 4196, 4196, 4196, 4196, 4196, 4196, 4196, 4196, 4196, 4196, 4196, 4196, 4196, 4196, 4196, 4196, 4196, 4196, 4196, 4196, 4196, 4196, 4196, 4196, 4196, 4196, 4196, 4196, 4196, 4196, 4196, 4196, 4196, 4196, 4196, 4196, 4196, 4196, 4196, 4196, 4196, 4196, 4196, 4196, 4196, 4196, 4196, 4196, 4196, 4196, 4196, 4196, 4196, 4196, 4196, 4196, 4196, 4196, 4196, 4196, 4196, 4196, 4196, 4196, 4196, 4196, 4196, 4196, 4196, 4196, 4196, 4196, 4196, 4196, 4196, 4196, 4196, 4196, 4196], "momentum": [0.5414871299149666, 0.41496397753301306, 0.3108006208529185, 0.6099174394672868, 0.7133993722096875, 0.8038970338388851, 0.09847990019527542, 0.8236644007268064, 0.285167180371821, 0.5674261076234106, 0.6099174394672868, 0.7605961132366262, 0.09847990019527542, 0.7037730695425513, 0.2518061761976655, 0.3016478112282638, 0.7205686067608964, 0.7959788133292609, 0.3453417238810963, 0.23012770472778954, 0.6547125794331016, 0.6292075075958896, 0.6732448235754261, 0.2333690803575973, 0.7241173393442064, 0.7632905585624723, 0.8027649821928109, 0.9055446885266878, 0.7736115107758509, 0.7661970458790336, 0.8399493224849344, 0.7625891995490861, 0.6767689769320291, 0.7661970458790336, 0.8158777870862105, 0.7659791769575583, 0.7706933768401762, 0.7703731952092866, 0.7683097161584871, 0.7689966062300748, 0.6060184716838104, 0.632311286234785, 0.1846377047145028, 0.6671895343807982, 0.6754848773474106, 0.8411319855580021, 0.5716730531152866, 0.5938091598937312, 0.7064883623667556, 0.02293113995595673, 0.6859769740516137, 0.6777159676796813, 0.6839029100190831, 0.6914146484370394, 0.713617020457523, 0.3997018828876311, 0.5949307943453972, 0.5970382498021686, 0.6626430555737798, 0.71546889623724, 0.5116311166559547, 0.06230100145586026, 0.6997001371499637, 0.4769222944538797, 0.8103009056455428, 0.8116155949530665, 0.7710970609946921, 0.7836480793919424, 0.9702739477611967, 0.8880531259729388, 0.8063538960441226, 0.7197141624464166, 0.4212603998424991, 0.7036065945127478, 0.6952163073736708, 0.25159207467070666, 0.7688609720503046, 0.7771996112290713, 0.7550508952117728, 0.7036393255344799], "weight_decay": [1.2114165825068854e-05, 0.002788021315604293, 0.007049162328463819, 0.00010510443130642414, 0.004454025506837871, 0.0005816643737803919, 0.00017334221439094987, 0.03121170662960257, 0.0010199406847521974, 9.498983680944047e-05, 0.00010795884729156299, 0.0022367797673946447, 2.398410425319938e-05, 0.0001121233211370846, 2.246965117128107e-06, 1.442606044715814e-06, 0.006867620060023856, 0.000730426439334518, 0.00012045246408325176, 0.00014975112739019008, 0.00011613005837657927, 0.00011518983959257653, 0.006316087659233164, 0.0039031663810982016, 0.0012418731086325026, 0.004454025506837871, 0.0039354940789554285, 0.0042594159767965515, 0.004140014423470712, 0.003958372965673479, 0.0045350037618570515, 6.743264258233042e-05, 3.3995542032679105e-05, 0.003958372965673479, 5.938061692357779e-05, 0.003782846202212805, 0.0037721307902887323, 0.0035957804706618687, 0.004036209126562405, 0.003630690972718583, 0.003958372965673479, 0.003977462629170553, 5.159199142458335e-05, 0.006494400172908595, 0.003983154968713968, 0.006510363168654811, 0.006504615328187011, 0.006627957638317353, 0.004025488853660093, 0.00401840552781362, 0.006504615328187011, 0.008858991299520075, 0.004131582113292646, 0.004040653550705413, 0.004057519676056457, 6.386297091430696e-06, 0.003958372965673479, 0.0038633987472914406, 0.0037962847101208237, 0.019969368598473126, 0.011135853898470709, 0.00021933106138728002, 0.004147959406103508, 0.00010137493355540561, 0.003785574243206096, 0.003958372965673479, 0.00651746013661481, 0.0065289658256251866, 0.0004211025442710018, 0.0001846973112621999, 0.006421743175625973, 0.012188360201170347, 1.1544042171249174e-05, 0.0038932410103032855, 0.003962048913410499, 0.04469858242829655, 0.003849409229437478, 1.5036191287625621e-05, 0.003990530868303465, 0.0039503799596839], "label_smoothing": [0.06679614545814477, 0.1324184629749401, 0.010153940215795021, 0.08261624119329641, 0.0008434993068971441, 0.06427559010214962, 0.34490162404625635, 0.1978347675698724, 0.30615747531574766, 0.33063669825676084, 0.08261624119329641, 0.028918908586455457, 0.3868885430633766, 0.2116126085042031, 0.10584807107651335, 0.10908156182083112, 0.0008434993068971441, 0.0005777421362728914, 0.00030613775424944735, 0.1955117983826879, 0.17769683431828212, 0.018840834088680803, 0.031037886424740146, 0.05651368677204455, 0.38382920880198373, 0.03805381769036006, 0.04233438076281516, 0.04125554409897284, 0.03763154352368836, 0.3299916371674264, 0.031037886424740146, 0.03316743965066974, 0.37067305105495474, 0.29461389575835406, 0.08541551833178879, 0.3980303556713747, 0.07647853326809691, 0.13367917760431555, 0.14294382850457865, 0.07488363322602233, 0.4088530333531363, 0.33437587378032035, 0.12341541343056589, 0.35183371615762526, 0.012816848496235263, 0.4541143075424162, 0.011102445345351772, 0.0025536928734217063, 0.3165115909959609, 0.3166598899067751, 0.0009650700972769703, 0.0680272005829905, 0.31335765035083857, 0.41342299031722024, 0.3160110591060624, 0.2444566629738234, 0.4635544981994831, 0.3923090808952848, 0.37149816072757513, 0.36363021262572265, 0.34469538585810605, 0.2856517761758451, 0.35410241664262315, 0.19918680618728524, 0.38196146658497804, 0.3569242198658032, 0.36444736960485863, 0.3247819120925943, 0.47745751825070193, 0.1833188446000808, 0.34814219347076564, 0.38682285842371883, 0.27756771529456475, 0.3260046671596472, 0.32772365338192094, 0.11710722981486593, 0.32799875489290314, 0.287622559090889, 0.3272723977309007, 0.32731194797050367],