{"lr": [0.00012620948285169316, 1.4557916623227765, 0.7776492451078378, 2.239034272168371, 7.8179288051723566, 0.9903593841281118, 0.020295362430434737, 0.7991823454611494, 0.7806742619369508, 0.7845968122565196, 0.7812286874111711, 0.7809459854871215, 0.7794177960975953, 0.7789561080250007, 0.7858474824174272, 0.7845775141299243, 0.7304510525836694, 0.7309236976516565, 0.7312863724915956, 0.7330039580260912, 0.7264421480828267, 1.0014013979078007, 0.00031705487596673734, 0.9903593841281118, 0.0006493288113703829, 1.0282183506649507, 1.028046217616227, 1.0269045074913339, 1.02826354844967, 1.0251442230602783, 1.038564643253306, 1.0253326348299117, 0.6823980473024258, 0.6809369156603845, 0.6823228980460264, 0.6839493343995227, 0.6843923666339752, 0.682174008291414, 0.6790969148371429, 0.6792816839701079, 1.2291620395072949, 1.2301718017987155, 0.004631543636419785, 1.2339423647434271, 1.232539840648303, 1.2223588237539125, 1.2366229615500188, 1.2325777261844233, 0.37533235150963484, 0.3792280884167081, 0.37565384148267367, 0.0024433207803201277, 0.37380540529750705, 0.3766657741786907, 0.37546857993979516, 0.37386165768909996, 0.9323909739220405, 0.9293876788557431, 0.9450484571654184, 0.9589567872740872, 0.9174657688267492, 0.91493129004464, 0.9551472702495605, 0.9672633553675402, 1.1261943323071388, 1.1478144328309143, 1.1505879642057355, 1.1700887937915656, 0.7216564459312494, 0.7191646881027763, 0.7220615792025268, 0.7193713619711062, 0.9246725724733345, 0.9250304585942591, 0.924927723139235, 0.9256597553916727, 0.9194644472026693, 0.9236206208984815, 0.9258115685926851, 0.9306020248213044], "epochs": [178, 223, 193, 177, 144, 205, 148, 271, 108, 109, 108, 110, 108, 108, 108, 109, 108, 108, 108, 108, 108, 201, 248, 205, 70, 266, 267, 266, 266, 266, 267, 266, 183, 183, 183, 183, 183, 183, 183, 183, 184, 184, 275, 184, 184, 184, 184, 184, 151, 151, 151, 175, 151, 151, 150, 151, 268, 268, 263, 268, 266, 268, 260, 259, 300, 300, 300, 300, 300, 300, 300, 300, 208, 208, 208, 208, 208, 208, 207, 208], "lr_peak_epoch": [70, 5, 170, 98, 130, 26, 108, 58, 53, 69, 1, 7, 52, 83, 6, 79, 21, 93, 59, 1, 29, 19, 218, 60, 2, 144, 77, 1, 229, 235, 195, 111, 57, 111, 86, 62, 44, 55, 130, 107, 149, 13, 174, 162, 97, 39, 103, 9, 2, 93, 67, 150, 27, 29, 56, 35, 228, 109, 176, 94, 173, 250, 238, 162, 134, 158, 187, 256, 0, 176, 58, 9, 175, 88, 165, 103, 109, 71, 121, 198], "batch_size": [4196, 4196, 4196, 4196, 4196, 4196, 4196, 4196, 4196, 4196, 4196, 4196, 4196, 4196, 4196, 4196, 4196, 4196, 4196, 4196, 4196, 4196, 4196, 4196, 4196, 4196, 4196, 4196, 4196, 4196, 4196, 4196, 4196, 4196, 4196, 4196, 4196, 4196, 4196, 4196, 4196, 4196, 4196, 4196, 4196, 4196, 4196, 4196, 4196, 4196, 4196, 4196, 4196, 4196, 4196, 4196, 4196, 4196, 4196, 4196, 4196, 4196, 4196, 4196, 4196, 4196, 4196, 4196, 4196, 4196, 4196, 4196, 4196, 4196, 4196, 4196, 4196, 4196, 4196, 4196], "momentum": [0.45615033221654855, 0.5684339488686485, 0.018789800436355142, 0.6176354970758771, 0.6120957227224214, 0.6169339968747569, 0.9437480785146242, 0.6818202991034834, 0.3595425350398803, 0.35791155571065225, 0.3606192424874922, 0.3586744482557453, 0.3606399460205773, 0.35988614084433057, 0.35913673860304335, 0.3605172612880719, 0.2180957899372486, 0.21868537272007119, 0.21905244928954093, 0.21645411726862449, 0.22004001931878203, 0.5592748119128581, 0.7142412995491114, 0.6167818373952797, 0.12381998284944151, 0.4104720671094492, 0.41069081767688304, 0.4108885521353073, 0.40932587226984324, 0.41072503315283176, 0.4088426047764217, 0.41031962949641854, 0.5987249991196476, 0.5990736565919684, 0.5982736877186717, 0.597993378327217, 0.5990302556281385, 0.5999142773132519, 0.5986348544451395, 0.5992461985704851, 0.5172076951906057, 0.5179472719443297, 0.40724117141380733, 0.5181747007410781, 0.5158565733742028, 0.5158258085032338, 0.5188049782651182, 0.5167621169323966, 0.5410124520070185, 0.53679168782341, 0.539203541055686, 0.39267567654709434, 0.539639563068796, 0.5418751353581531, 0.5417227791155588, 0.5405474483531955, 0.4550045175770567, 0.45254170747266015, 0.4686039232907918, 0.4679896729188253, 0.4477589446324407, 0.45042600209259437, 0.46948581495153113, 0.47495149934238584, 0.9999787351417307, 0.9999650957387944, 0.9998575467432295, 0.9993167154210763, 0.29196915335405266, 0.29175260298353645, 0.29461621770309016, 0.2906318417403778, 0.4019405218786039, 0.40101074009444126, 0.4022394016420191, 0.4030948706077233, 0.40293591879146473, 0.40141284256807525, 0.40183668293958513, 0.40303206027483146], "weight_decay": [6.273927602293595e-05, 0.00015316508243748712, 0.003077201812975576, 2.0004484210638855e-06, 0.002156917714305619, 0.00225522225239458, 1.1269711680133682e-05, 4.411959206764395e-06, 8.622505582553344e-05, 8.480515763583768e-05, 8.601737615320894e-05, 8.494324191623828e-05, 8.267698341577902e-05, 8.574067315476835e-05, 8.442512861857206e-05, 8.51924914034633e-05, 0.00027388964791832856, 0.00027205492947911085, 0.0002730988744743207, 0.00028148573573327833, 0.00027430397370582397, 0.004130895977254436, 0.0986813387889167, 0.00225522225239458, 0.01737965482009739, 0.09999317624659965, 0.09999336909378569, 0.09996528826178679, 0.09993157638830007, 0.09991960067120129, 0.09997010883633578, 0.09991007495281429, 0.00047128483196022774, 0.000471546350900283, 0.0004706237030173583, 0.0004721289747778689, 0.0004725613547659994, 0.0004758593276818144, 0.00047109144788662387, 0.0004687356872136416, 0.00012644180702282368, 0.00012388540929827587, 1.449341443318764e-05, 0.000124845086225844, 0.00012545604281412556, 0.00012398220553354927, 0.00012666449495278508, 0.00012348068049022938, 0.003428538540081753, 0.0034148998569885434, 0.0034203772903284454, 0.06053807596312874, 0.0034194411146771632, 0.0034457774149152885, 0.003423344595078004, 0.0034330315230569684, 2.842096062065881e-05, 2.8538809575050254e-05, 2.7161921275304094e-05, 2.7331664939255665e-05, 2.885291597932498e-05, 2.8964771324186965e-05, 2.6811395136806495e-05, 2.6365488619861256e-05, 3.76259006837978e-05, 3.674035085847063e-05, 3.649407709600231e-05, 3.63157014111866e-05, 0.0024373333896003813, 0.002437630236227637, 0.0024479917681016644, 0.0024215993922176945, 0.0016704860701140022, 0.0016647306615610881, 0.0016741630301121122, 0.0016797408545119361, 0.0016820879840340657, 0.0016543364763560236, 0.0016855447233743975, 0.0016757159859815633],