{"lr": [0.01743775318693485, 0.0002005599451300411, 0.003115069120490611, 0.03921432891667675, 0.013354752149924562, 0.00011958444579870231, 0.005897109647637491, 0.006618299262581908, 0.04951222495528893, 0.11231574784128073, 0.04718305506598206, 0.1148271774704277, 0.0435651711781059, 4.267507958943647, 6.642598282644922, 2.0713260307636867, 0.1016967797781213, 0.10182623718350656, 0.10493772987510683, 0.09838420423736732, 0.11231574784128073, 0.0775466643013696, 0.0015273271334235309, 0.0062510667052511565, 0.04678616779548288, 0.31937166158750496, 0.1257985705688898, 0.05026420093167196, 0.04951222495528893, 0.23600192285231122, 0.1614030881371361, 3.5994318926441076, 0.0008972409771962643, 0.04951222495528893, 0.00041633875622203, 0.10937265840559322, 0.09960821022035715, 0.04778384695983843, 0.08927293120612506, 0.11101529038850094, 0.04951222495528893, 0.04951222495528893, 0.00023101269418351197, 0.04760965153340813, 0.048959865553758766, 0.11088522379948519, 0.11167256981298135, 0.10813761897224071, 0.4646424814937948, 0.11616340139332389, 0.7590024937218836, 5.165640300988954, 0.11024149897103876, 0.07705839135963681, 0.16033156561578404, 0.05846505860246522, 0.018051921737697665, 0.013904142278017863, 0.03210016524142662, 0.03947701833652772, 0.01933068426460402, 0.00010741121641852095, 0.002563754785834593, 0.3685033580367243, 0.03535153440946327, 0.03249248895970937, 0.04212493046598188, 0.02652870654764185, 1.5692082188000984, 0.08852979627356156, 0.026732221710597064, 1.176931609498087, 2.6827351738572163, 0.04951222495528893, 1.2732183982446177, 0.0001589289814448153, 1.16027962416704, 0.00022705177500597967, 0.6131602710816543, 0.37392790740747506], "epochs": [30, 157, 172, 257, 276, 194, 110, 187, 160, 265, 299, 77, 33, 96, 207, 211, 167, 283, 62, 263, 264, 71, 202, 54, 122, 279, 282, 151, 151, 286, 295, 46, 32, 157, 100, 171, 181, 86, 265, 265, 201, 157, 274, 146, 155, 279, 299, 278, 137, 139, 139, 173, 145, 193, 96, 93, 145, 149, 140, 145, 148, 124, 146, 293, 210, 216, 237, 160, 129, 173, 155, 59, 50, 196, 112, 298, 201, 291, 179, 182], "lr_peak_epoch": [5, 125, 99, 217, 186, 1, 21, 161, 132, 235, 271, 65, 9, 78, 78, 128, 63, 132, 36, 171, 248, 29, 115, 25, 76, 245, 140, 96, 35, 76, 283, 3, 20, 140, 64, 80, 102, 76, 147, 204, 42, 71, 152, 133, 108, 106, 220, 89, 111, 70, 82, 30, 140, 141, 66, 40, 54, 76, 82, 85, 115, 88, 87, 289, 6, 191, 190, 66, 54, 93, 79, 1, 28, 60, 72, 221, 162, 17, 104, 122], "batch_size": [4196, 4196, 4196, 4196, 4196, 4196, 4196, 4196, 4196, 4196, 4196, 4196, 4196, 4196, 4196, 4196, 4196, 4196, 4196, 4196, 4196, 4196, 4196, 4196, 4196, 4196, 4196, 4196, 4196, 4196, 4196, 4196, 4196, 4196, 4196, 4196, 4196, 4196, 4196, 4196, 4196, 4196, 4196, 4196, 4196, 4196, 4196, 4196, 4196, 4196, 4196, 4196, 4196, 4196, 4196, 4196, 4196, 4196, 4196, 4196, 4196, 4196, 4196, 4196, 4196, 4196, 4196, 4196, 4196, 4196, 4196, 4196, 4196, 4196, 4196, 4196, 4196, 4196, 4196, 4196], "momentum": [0.26155311442420626, 0.2094541732655596, 0.8488004424511549, 0.49213240743645015, 0.28961352780290506, 0.047811813464657904, 0.932806600822694, 0.07448317600300647, 0.8602623426823817, 0.46783930961418746, 0.9695512242252537, 0.925695215552604, 0.47335709861659303, 0.49459306966519717, 0.5485005692760968, 0.5715761119784326, 0.8602623426823817, 0.944854168086721, 0.6647905449225852, 0.44968436723279676, 0.3755314998479368, 0.8109733444297301, 0.2223282118720462, 0.9004981695238582, 0.5067091312043804, 0.4398602388432015, 0.4454460608597565, 0.5634033740541667, 0.9693029850929875, 0.9396495641219705, 0.9726106107067898, 0.46512572054346357, 0.36366243337974324, 0.7502432936198695, 0.09862607568889237, 0.7494828504172034, 0.9223533552948922, 0.7834941136597924, 0.5589021776802788, 0.41003575455310126, 0.7502432936198695, 0.7580534787475179, 0.33635445728260316, 0.7539551854454449, 0.7606562217427149, 0.8030152733355034, 0.5415408050345947, 0.4541539760398712, 0.7606562217427149, 0.7611992408571396, 0.7527108405478276, 0.993266116747267, 0.7470546732611503, 0.7502432936198695, 0.7399397082974232, 0.9993031762708768, 0.8255566003350037, 0.8010461260967124, 0.7866232373351831, 0.7913071027206442, 0.9635676486731836, 0.36767719065307936, 0.768464890586108, 0.9270879114690335, 0.7502432936198695, 0.7548006516547675, 0.7502432936198695, 0.7506026273447235, 0.9985560076092355, 0.05383037134180124, 0.7547988143858347, 0.24462179871465484, 0.4989342894236649, 0.7502432936198695, 0.7610866190714578, 0.1912323188571693, 0.7522467325097362, 0.7867300624475416, 0.953879682989788, 0.7606562217427149], "weight_decay": [1.8969777985564037e-05, 0.014964268354428812, 0.07908537915785205, 0.014218506466020072, 0.016878540811976685, 0.011897325845086843, 0.0004799634424493748, 0.00035129508429777113, 0.041139065759301006, 0.033348839115693765, 0.03152560487236631, 0.0024338500891436543, 9.601618381015617e-06, 0.0003163479577279068, 3.0616012163878117e-06, 7.897017928731037e-06, 0.08077924031867594, 0.03315561714397265, 0.04639721455070316, 0.05757982807279353, 0.033348839115693765, 0.003249457272931761, 0.0023885722632584275, 0.007052131540176365, 0.006506974391631667, 0.041534289196104274, 0.03850318139852715, 0.04125811902717607, 0.04028406364844789, 0.039425281641485226, 0.03858518214203157, 0.037691613124915466, 6.81109821310808e-05, 0.041139065759301006, 0.06030510780534446, 0.04125811902717607, 0.0407417786797371, 0.04126564186936959, 0.0411399510219239, 0.033348839115693765, 0.041139065759301006, 0.041139065759301006, 0.02763340935741737, 0.03557264754685309, 0.03900212267999265, 0.04098905631869456, 0.041073480374828115, 0.041251911515481854, 0.011116318691504038, 0.029420563106632304, 0.005165277783392198, 1.1054976086873724e-06, 0.03512057977033142, 0.010155262938899456, 0.022260015976923578, 2.1179112800346444e-05, 0.046914577925761626, 0.04715743184819474, 0.04632488259390533, 0.04767869857030518, 0.04761700104974281, 1.139030762047287e-06, 0.046961918389249985, 0.0004616028257029663, 0.041139065759301006, 0.04082212903519161, 0.008904674934277457, 0.03952877332323049, 0.00772066123057336, 0.000937233071827199, 0.03628819867667519, 0.036456717658395386, 1.45208393580173e-06, 0.04239033137250883, 0.03952877332323049, 2.9567422343722033e-06, 0.04204094423537546, 0.002596673781705617, 0.04025018516609288, 0.03920241839817464],