{"lr": [2.8236581403271663, 0.0018173936149437743, 0.0073586305202733735, 0.0029435361362592054, 0.002294013958087395, 0.09144163340934539, 0.003098588217010921, 0.012879193101565366, 0.04955806384633776, 0.2919775209500421, 0.04957628719057787, 0.04964451601333486, 0.04970019264724266, 0.049459448517082324, 0.04975503912646802, 0.0025805947721279, 0.03515169384466978, 0.03553497716900254, 0.03495244839055159, 0.035357460886761144, 0.006457904921117368, 0.05292690823139938, 0.04448069832532359, 1.5825154937701797, 0.0805355054302003, 0.08096850320611568, 0.0808041324205082, 0.08055088310692468, 0.07930502648113572, 0.07909698857812637, 0.08142015679950261, 0.08094015637815956, 0.019256331458196337, 0.01919551123361526, 0.019336401890667418, 0.048481466714891584, 1.026489474162424, 0.13935064011971152, 0.13983472446799036, 0.13954251937784845, 0.01807654901515769, 0.10255209033361429, 0.10231980141848607, 0.09829831204859482, 0.09863029382582329, 0.09890839201144123, 0.12164648897236495, 0.14622209305220502, 0.003945827424776414, 0.010199548540864061, 0.009672115627725247, 0.016807053552003265, 9.239640620221934, 9.135146305775226, 0.0009095917818323764, 0.0008784160940714153, 0.11037985329855618, 0.1116138440637688, 1.1552298788098176, 0.1147228139326942, 0.11912805363939513, 0.12337584348106559, 0.05734894151466776, 0.05655108215673055, 0.0798281790679329, 0.07790576602533121, 0.06886496187357098, 0.05020639244644548, 0.04251285221492492, 1.7512186842557294, 0.038489279046538635, 0.5691275151811371, 0.35650091540700934, 0.44484720404247846, 0.10327010661662062, 0.10538668840470912, 0.34191672252044253, 0.001521456298258827, 0.11531959382644391, 0.04601412905407585], "epochs": [270, 46, 170, 273, 136, 290, 223, 32, 300, 114, 300, 300, 300, 300, 300, 276, 300, 300, 300, 300, 83, 290, 290, 290, 245, 244, 245, 245, 247, 247, 244, 244, 300, 300, 300, 284, 214, 187, 188, 187, 300, 222, 222, 227, 227, 228, 198, 190, 300, 300, 300, 300, 284, 300, 38, 284, 300, 300, 67, 297, 294, 290, 263, 260, 300, 300, 300, 300, 300, 65, 300, 300, 98, 178, 300, 300, 300, 233, 300, 300], "lr_peak_epoch": [250, 38, 144, 226, 21, 193, 179, 30, 261, 101, 171, 101, 298, 117, 240, 210, 91, 47, 155, 5, 22, 49, 254, 8, 44, 67, 231, 228, 70, 159, 176, 107, 169, 161, 208, 64, 154, 181, 163, 118, 200, 68, 210, 205, 221, 199, 127, 130, 116, 136, 126, 212, 165, 90, 32, 157, 37, 297, 56, 276, 253, 8, 233, 61, 161, 39, 24, 149, 223, 28, 117, 135, 62, 81, 290, 40, 176, 49, 261, 178], "batch_size": [4196, 4196, 4196, 4196, 4196, 4196, 4196, 4196, 4196, 4196, 4196, 4196, 4196, 4196, 4196, 4196, 4196, 4196, 4196, 4196, 4196, 4196, 4196, 4196, 4196, 4196, 4196, 4196, 4196, 4196, 4196, 4196, 4196, 4196, 4196, 4196, 4196, 4196, 4196, 4196, 4196, 4196, 4196, 4196, 4196, 4196, 4196, 4196, 4196, 4196, 4196, 4196, 4196, 4196, 4196, 4196, 4196, 4196, 4196, 4196, 4196, 4196, 4196, 4196, 4196, 4196, 4196, 4196, 4196, 4196, 4196, 4196, 4196, 4196, 4196, 4196, 4196, 4196, 4196, 4196], "momentum": [0.8653688462511208, 0.552536999489183, 0.3158907881971892, 0.6950497396996613, 0.29344632061336784, 0.2185495271969522, 0.9467880348429252, 0.3788207196366923, 0.3573379220751029, 0.46784884193014264, 0.3610385780348733, 0.35854476840436167, 0.35976791798828295, 0.3586553733154484, 0.3594960662659831, 0.45360905288438047, 0.38975351844352435, 0.3896882238622773, 0.3885654700704441, 0.3868381527958081, 0.24972762954670902, 0.3432113101797697, 0.2734811554023689, 0.03885578421170563, 0.47571158308433265, 0.4742405384541609, 0.475747653337557, 0.47549317426713805, 0.47452327489566976, 0.4775684860284139, 0.4747584052987775, 0.4743148315720158, 0.9996746101481474, 0.9990844214838199, 0.9990061569685954, 0.24644428265743468, 0.1421780306064918, 0.8282929485635634, 0.8261109893561952, 0.8286125033170032, 0.9981804371690279, 0.47543953828561863, 0.4753406582017582, 0.4757361568303014, 0.475747653337557, 0.4757750622437949, 0.4742405384541609, 0.8272127566011802, 0.47634030479695677, 0.4765501604043033, 0.4762745011826191, 0.47492526124470114, 0.8271782190098306, 0.8272127566011802, 0.8281771840598856, 0.8283694019097201, 0.4764774005309471, 0.476354845188808, 0.1655385153695541, 0.4767400988000574, 0.47684553068957225, 0.4768989511876836, 0.8268349905106631, 0.8268447939489671, 0.8265845147613017, 0.826494310601412, 0.8262131280658583, 0.8255451587945216, 0.825355045164351, 0.9111773065213609, 0.8252865687303389, 0.35903588261843467, 0.35910949836411316, 0.3588888229761777, 0.8283217245948937, 0.8285004803263996, 0.4747987276401912, 0.8898667305381637, 0.8289185722351562, 0.4792887025563877], "weight_decay": [0.0038028918579346726, 0.002338732352399764, 0.01822466962279077, 0.0004587999761905219, 5.920336867727669e-05, 5.084998416909698e-05, 0.007610856107220969, 7.477505166678754e-05, 1.378210780190984e-05, 3.13668578642584e-05, 1.3886975352595261e-05, 1.3767674731580806e-05, 1.362674017485364e-05, 1.4028486859549053e-05, 1.3516470413934838e-05, 0.0002983941482882899, 0.0001741077519552601, 0.00016583619572588717, 0.00018185551965755361, 0.0001851017040622015, 0.00048559128042379655, 8.057579561607173e-05, 3.5206731417484115e-06, 0.00025388699626072256, 4.97800504871128e-06, 4.905216069301116e-06, 4.7982051725700775e-06, 4.943529134555356e-06, 5.2475872479449495e-06, 5.155360648552965e-06, 4.8206980267534855e-06, 4.882856222988228e-06, 0.002884582708345891, 0.0028862475387090958, 0.0028553353774220824, 3.2524867182398503e-05, 3.848092023554261e-06, 1.0015427825892934e-06, 1.0007612550033415e-06, 1.002062806745784e-06, 0.003032076691011715, 1.2897949579770615e-06, 1.3545654727216486e-06, 1.4057750141007962e-06, 1.400542562486271e-06, 1.4443485529107186e-06, 1.0083742553600805e-06, 1.014217079577504e-06, 1.3693599821209414e-05, 1.0422228435060174e-05, 1.5992790542793105e-05, 8.598437597768128e-05, 0.002771723720502371, 0.003458581059889612, 4.2456128245606444e-05, 7.231616531021668e-05, 4.450120292294925e-06, 5.2056658611025745e-06, 0.0003698011650622111, 3.671010009242684e-06, 3.3403129416018472e-06, 3.484128971656769e-06, 1.0042928538723157e-06, 1.0168255943089055e-06, 1.0003101117548884e-06, 1.000804516825324e-06, 1.0025681249394363e-06, 1.0005557260971578e-06, 1.0021835643284309e-06, 0.0033370334820330585, 1.0042928538723157e-06, 1.0002354988138083e-06, 1.0076637294311679e-06, 1.000274814631606e-06, 1.0024057857527684e-06, 1.0023733990610466e-06, 1.2914417278694232e-05, 0.0002380555242998294, 1.0015427825892934e-06, 1.0129616516323836e-06],