{"lr": [1.9174613045501117, 0.0008571056840139856, 0.00013050550115276512, 0.028400224068910105, 0.00011579903365138519, 0.2610806414832969, 1.5065219239099352, 0.007680814822241902, 0.6104953865655071, 0.0003167909218552274, 6.654730604420108, 0.028400224068910105, 0.09454241060851828, 0.004392372508173802, 0.03712707562833482, 0.2616867576157336, 0.6749350107558673, 0.6831769719452463, 0.7371193480492746, 0.6053283917931196, 0.6104953865655071, 0.6233419593563904, 7.239848119993191, 0.004632409083104067, 0.005587861078036671, 0.7544524027452111, 0.537878941270534, 0.7561033078531871, 3.179878085351703, 3.3533876500480657, 0.3903066071390648, 3.842220182739672, 2.158704292393573, 0.7544524027452111, 0.6392198751765722, 1.0962119452320083, 0.6547125084554111, 0.7139934502871246, 1.0968925411083772, 0.728949795281215, 1.9091247953813704, 0.8537104288468789, 0.005630920240951989, 1.0610939065157117, 0.9088800852745894, 3.3370344657462194, 4.208104507175596, 6.99920714609368, 1.244036696362531, 1.3489931270253932, 1.1573194372217785, 0.06919558205963551, 1.542044732542304, 3.944515074852326, 1.0610939065157117, 0.0011871596102126256, 0.9376564498713419, 1.019019551808577, 1.1143863337183164, 0.8753152492622136, 0.7823470912067502, 0.11638261766483814, 1.0372888084849403, 0.0002540885584902412, 0.8500307847632355, 0.7678513116876501, 0.8550121228943659, 0.9747081707422384, 0.08763053251514162, 0.09675844629382119, 1.3330542414522732, 0.010711855908247912, 0.0004354053219309699, 1.3330542414522732, 1.1184648889220747, 0.18373958614179783, 1.1666079611036095, 0.0003715684624233361, 1.2215835294567114, 1.2898521023117924], "epochs": [68, 107, 82, 239, 145, 185, 65, 225, 162, 192, 164, 164, 256, 163, 193, 156, 160, 154, 157, 157, 162, 289, 292, 106, 167, 174, 166, 162, 175, 165, 248, 232, 209, 174, 64, 179, 169, 187, 168, 261, 151, 148, 35, 162, 53, 110, 158, 162, 168, 168, 166, 267, 166, 166, 168, 205, 171, 167, 180, 146, 238, 180, 152, 226, 167, 168, 167, 166, 56, 229, 186, 52, 299, 161, 163, 264, 166, 231, 147, 148], "lr_peak_epoch": [66, 25, 77, 231, 99, 183, 28, 44, 139, 84, 154, 127, 0, 94, 143, 0, 31, 85, 7, 156, 146, 54, 174, 83, 39, 77, 44, 89, 26, 57, 226, 46, 198, 38, 53, 152, 61, 112, 148, 37, 149, 6, 32, 86, 8, 0, 8, 112, 12, 55, 12, 99, 159, 155, 38, 18, 133, 67, 47, 123, 186, 44, 81, 115, 99, 97, 80, 152, 29, 113, 113, 19, 216, 39, 113, 60, 111, 88, 100, 6], "batch_size": [4196, 4196, 4196, 4196, 4196, 4196, 4196, 4196, 4196, 4196, 4196, 4196, 4196, 4196, 4196, 4196, 4196, 4196, 4196, 4196, 4196, 4196, 4196, 4196, 4196, 4196, 4196, 4196, 4196, 4196, 4196, 4196, 4196, 4196, 4196, 4196, 4196, 4196, 4196, 4196, 4196, 4196, 4196, 4196, 4196, 4196, 4196, 4196, 4196, 4196, 4196, 4196, 4196, 4196, 4196, 4196, 4196, 4196, 4196, 4196, 4196, 4196, 4196, 4196, 4196, 4196, 4196, 4196, 4196, 4196, 4196, 4196, 4196, 4196, 4196, 4196, 4196, 4196, 4196, 4196], "momentum": [0.5859559688431816, 0.15735805397610014, 0.08142210478052825, 0.30351481050674145, 0.9256745145384021, 0.6363870265615971, 0.27016945944872195, 0.5227243837872415, 0.6309779873572279, 0.8678190232706717, 0.6928065397220251, 0.31212480467350295, 0.6771158767316926, 0.7392816206137068, 0.6072144386222855, 0.6756788505531375, 0.608959193999249, 0.4220007482974583, 0.6418287224945888, 0.641410954464457, 0.5775467644452812, 0.6282992560152997, 0.8381304728403554, 0.22745141334713115, 0.21594753187692828, 0.6669069161991842, 0.6242154418900137, 0.5828214928391717, 0.6692805666770958, 0.8348790986498498, 0.6376595681738393, 0.331933105448643, 0.3031347121915683, 0.5169670093276498, 0.8820689013060123, 0.5309342501897018, 0.5707904093373032, 0.5803296660761006, 0.2954788585847724, 0.2559086028153299, 0.2983333430980937, 0.29997742450607934, 0.13128539674074036, 0.30039322736145335, 0.4132451648896944, 0.2910588609652188, 0.6624309279357543, 0.6961748060069222, 0.27085656205632197, 0.2724072480943821, 0.3777058056280159, 0.9451184949691952, 0.49370666304125227, 0.5245861146664549, 0.2884138707289875, 0.9177638911654785, 0.2775889660476639, 0.2781897892544658, 0.2807443014839872, 0.2686113154995585, 0.27578081837875806, 0.4043186366537813, 0.2611359343013314, 0.48034247772389793, 0.29557469331409614, 0.29674667285902934, 0.1627862504023871, 0.29745440010722946, 0.8391478027417395, 0.8634662586294214, 0.29699455219590437, 0.9891527004047167, 0.38316148585872345, 0.29529605607767684, 0.2954788585847724, 0.9215558819463086, 0.2948366736211944, 0.20083172436192254, 0.29269356622913373, 0.291856160990194], "weight_decay": [0.010293525653817932, 0.06435552688031534, 0.0002821369242402845, 1.8770973536327252e-06, 7.864477853455903e-05, 0.008981179840094448, 0.05560418412620541, 3.955198139779236e-06, 0.004393157873156878, 0.00017448468000323797, 0.0048059797696856366, 1.2222787935995619e-06, 0.003262602510792334, 1.7127775026446446e-06, 1.965775601460154e-06, 1.0329104241347562e-06, 1.3733627054397073e-06, 1.3095983417847213e-06, 7.131918896216301e-06, 2.2291046317526688e-06, 0.0034886292273523796, 1.524951977069563e-06, 0.000301173404469704, 0.0013845926910127893, 0.0008380409425018052, 0.0053964287957031015, 0.005490997041839328, 0.005884061368239582, 0.004196726863777359, 0.0005099129834513624, 0.0035641494626390056, 0.0001284376932396538, 0.00620876616270916, 0.014085257900862923, 0.003777881637907471, 0.026216972955717125, 0.019337961646314378, 0.020374265239792903, 0.006940565393305334, 0.048177272438198256, 0.006940565393305334, 0.007011717919940442, 0.0096714245192435, 0.007003813428557483, 0.007428874003641418, 0.007624516923723495, 0.0074786973216406, 0.0070616084601593, 0.006460404315464326, 0.006093370827959745, 0.006873518534195871, 0.023529437693089787, 0.0062077033998270675, 0.0066138905101022485, 0.006609785382748401, 0.004886310395394017, 0.006929294528886701, 0.006940565393305334, 0.007003813428557483, 0.007156258380497472, 0.007152392004584148, 1.7538982774424282e-06, 0.007011717919940442, 5.010080530065284e-05, 0.006940565393305334, 0.006941234088896043, 0.006940565393305334, 0.007327460421802345, 3.456838103291508e-05, 8.886444404626834e-05, 0.006611704540331156, 0.004946392240111985, 0.033573173331710726, 0.007039527572685991, 0.007112490310277176, 0.0025806390332790796, 0.007156258380497472, 0.029719664310285825, 0.007216204304609412, 0.007124833753435912],