{"lr": [5.575880701138917, 2.8363205354350978, 0.055638142806554096, 0.0038414566305925713, 0.061691927714221675, 0.0011365976344356508, 8.873878530331545, 0.023596774092020534, 0.021606806428339537, 0.021641414285679804, 0.021655659956761972, 0.02159826704271778, 0.02160218457172209, 0.021666093470671808, 0.02167473354655147, 0.021721562866445575, 0.021095609683857153, 0.42337550602917856, 0.021130828917239282, 0.021111825065205626, 0.02122275587840494], "epochs": [93, 252, 249, 181, 126, 64, 234, 297, 254, 254, 254, 254, 254, 254, 254, 254, 300, 196, 300, 300, 300], "lr_peak_epoch": [37, 37, 121, 176, 23, 28, 197, 19, 61, 229, 84, 83, 176, 244, 36, 17, 181, 72, 229, 241, 207], "batch_size": [4196, 4196, 4196, 4196, 4196, 4196, 4196, 4196, 4196, 4196, 4196, 4196, 4196, 4196, 4196, 4196, 4196, 4196, 4196, 4196, 4196], "momentum": [0.6103485936567365, 0.2681893707589037, 0.38823054458382067, 0.7439319361905173, 0.16858192338569777, 0.6195405600293719, 0.11959151874551466, 0.45312340371054094, 0.4897711766358117, 0.48914843991265405, 0.4894292272671997, 0.4898937216054101, 0.4870530465334103, 0.4915658062522844, 0.4895303749038956, 0.49045169000682104, 0.00011809767597873919, 0.6569602978976641, 0.00010057741456796689, 9.586879236197478e-05, 8.868564112921246e-05], "weight_decay": [4.5169113388200834e-05, 0.04256657349150733, 0.004824451330752851, 0.006476999138726292, 0.0010049652031997253, 2.2401035728297048e-05, 1.482503633794014e-05, 2.8940561029011816e-05, 0.0008137072953610205, 0.0008104004428219814, 0.0008019437174638613, 0.0008025064995312089, 0.0007964445825257325, 0.0008018368119084854, 0.0007949507924592584, 0.0007912012336141092, 1.189223818649323e-05, 0.01363150511858011, 1.2101302104646795e-05, 1.2533874579082405e-05, 1.1878409295781487e-05], "label_smoothing": [0.41746444030955465, 0.018906519563908486, 0.2306419791647154, 0.16443507395929208, 0.27538214798099125, 0.4624193505671553, 0.07186264691985972, 0.414837764596361, 0.25213571610352814, 0.2517043115721821, 0.25179347554843867, 0.25214427035649045, 0.2507218257766039, 0.2516325565481424, 0.25071238432394505, 0.2515562480943431, 0.09249546968076974, 0.04642605300746405, 0.09386566569306724, 0.09276289041426222, 0.09240022136327078], "num_workers": [8, 8, 8, 8, 8, 8, 8, 8, 8, 8, 8, 8, 8, 8, 8, 8, 8, 8, 8, 8, 8], "lr_tta": [true, true, true, true, true, true, true, true, true, true, true, true, true, true, true, true, true, true, true, true, true], "time": [63.42003607749939, 141.7127242088318, 140.93496298789978, 104.50255918502808, 74.81002736091614, 41.704885721206665, 132.59338474273682, 166.48925161361694, 143.60069227218628, 143.44581770896912, 143.4527130126953, 143.5178828239441, 143.54531168937683, 143.41839933395386, 143.47644925117493, 143.55201601982117, 167.88473057746887, 112.14784622192383, 167.80230140686035, 167.8357527256012, 167.8537871837616], "train": [1.01, 1.0, 39.93, 31.18, 42.25, 3.45, 0.77, 51.56, 53.28, 51.21, 52.13, 52.29, 52.07, 50.7, 52.73, 53.07, 47.48, 1.01, 47.88, 47.67, 47.01], "test": [1.0, 1.0, 39.74, 31.5, 39.06, 3.51, 0.83, 44.75, 44.91, 45.16, 44.51, 44.6, 45.26, 44.11, 44.98, 45.2, 40.99, 1.0, 41.87, 41.77, 41.45]}