{"lr": [0.00012620948285169316, 1.4557916623227765, 0.7776492451078378, 2.239034272168371, 7.8179288051723566, 0.9903593841281118, 0.020295362430434737, 0.7991823454611494, 0.5981933134695285, 0.0001383975237168826, 0.6043905281299348, 0.6219712701423854, 0.00040026981272364324, 0.006976311326833805, 0.004179155891613719, 1.3945958499392626, 1.2892798770648102, 1.3945958499392626, 1.3154864053511288, 1.1621950571847173, 1.1597055325985306, 1.1835798134028328, 0.00031705487596673734, 0.0006493288113703829, 0.010862167264542127, 2.8841659034453966, 5.905951409871228, 1.446328641478129, 2.8359659385606735, 7.098944172962694, 8.901314760208772, 4.202028807068408, 0.20672405509021138, 2.437642242119748, 0.0025624212589796715, 2.586846866830537, 1.806245046916815, 2.121626831919443, 1.9119307760564719, 2.6060996992109473, 1.3804817068147812, 1.4179663342184616, 0.0022471886164168154, 1.3945958499392626, 1.4140273971235398, 1.414307913294649, 0.5921632354724702, 1.449358971650382, 1.1790491846716489, 1.2465071426791083, 1.4140273971235398, 0.0015852631590727076, 1.7496036309249716, 1.8123184127295724, 1.4162213199704428, 1.9436283314646323, 1.6540758358137737, 1.8123184127295724, 2.1951870918661958, 1.414307913294649, 2.449275542523486, 0.03859602561972595, 5.700598665143951, 0.0063493285782526806, 2.173457069758183, 2.2147453185560324, 2.1818725002532413, 8.278224939230187, 0.05759587539371156, 0.0035637245585603693, 4.010246610689866, 2.0492395739671245, 0.5017502852824766, 1.8123184127295724, 1.4201381668895543, 0.05092182602440237, 1.6540758358137737, 0.0007479283938585754, 1.376119468198163, 1.320122417573833], "epochs": [178, 223, 193, 177, 144, 205, 148, 271, 226, 215, 236, 202, 48, 128, 128, 136, 135, 130, 133, 136, 122, 123, 248, 70, 248, 136, 139, 139, 135, 137, 136, 139, 298, 136, 211, 136, 136, 136, 136, 136, 136, 136, 263, 136, 135, 135, 136, 135, 135, 135, 133, 235, 133, 135, 136, 154, 136, 135, 135, 135, 135, 96, 135, 221, 135, 120, 123, 120, 273, 97, 114, 120, 58, 100, 111, 166, 114, 279, 106, 120], "lr_peak_epoch": [3, 147, 10, 89, 95, 181, 71, 214, 167, 91, 190, 197, 19, 20, 73, 31, 15, 111, 62, 18, 52, 105, 45, 59, 48, 110, 122, 65, 119, 54, 50, 37, 89, 111, 8, 106, 135, 110, 44, 30, 48, 100, 189, 61, 40, 12, 107, 3, 115, 104, 25, 144, 100, 12, 116, 72, 66, 57, 4, 0, 74, 36, 6, 187, 25, 18, 103, 53, 202, 45, 34, 90, 0, 34, 87, 28, 65, 34, 55, 76], "batch_size": [4196, 4196, 4196, 4196, 4196, 4196, 4196, 4196, 4196, 4196, 4196, 4196, 4196, 4196, 4196, 4196, 4196, 4196, 4196, 4196, 4196, 4196, 4196, 4196, 4196, 4196, 4196, 4196, 4196, 4196, 4196, 4196, 4196, 4196, 4196, 4196, 4196, 4196, 4196, 4196, 4196, 4196, 4196, 4196, 4196, 4196, 4196, 4196, 4196, 4196, 4196, 4196, 4196, 4196, 4196, 4196, 4196, 4196, 4196, 4196, 4196, 4196, 4196, 4196, 4196, 4196, 4196, 4196, 4196, 4196, 4196, 4196, 4196, 4196, 4196, 4196, 4196, 4196, 4196, 4196], "momentum": [0.45615033221654855, 0.5684339488686485, 0.018789800436355142, 0.6176354970758771, 0.6120957227224214, 0.6169339968747569, 0.9437480785146242, 0.6818202991034834, 0.6169339968747569, 0.6027011112636338, 0.5455928447357877, 0.01504193333092848, 0.3550971187411051, 0.41426299451466997, 0.565672445777736, 0.5969733024525177, 0.08831034524339776, 0.5699732598092745, 0.551271788987132, 0.6658958880381816, 0.6204990707710688, 0.6433700871509147, 0.7142412995491114, 0.12381998284944151, 0.6974287731445636, 0.5204836769292585, 0.5472063698385454, 0.5227867801418905, 0.4678322756427031, 0.4424642957219133, 0.5404085536342964, 0.5499036274049859, 0.02065099946572868, 0.6910220492978963, 0.06395526612098112, 0.7521518035630113, 0.5981511288377112, 0.6316760368967952, 0.6892096673737038, 0.8100320853462071, 0.5331176768462852, 0.5066084571932518, 0.05537432042119794, 0.4338064254851905, 0.5219082906729682, 0.5051899254932048, 0.42935688812969963, 0.5505865102147722, 0.4917463915642388, 0.5051899254932048, 0.4969107726825859, 0.7963914745173317, 0.3707441435828881, 0.1843679006812382, 0.5927432050516717, 0.9518744768327362, 0.17412903911505465, 0.29482183661454775, 0.48918149676106304, 0.4925831573178671, 0.5051899254932048, 0.554687808661419, 0.581179204701584, 0.9249669119531921, 0.24022341536632572, 0.1949542398603826, 0.13095691159271564, 0.2498557095408668, 0.455444149450027, 0.5249704422542643, 0.2979080067619291, 0.25364252425682277, 0.6223844285660048, 0.15578540495460805, 0.12978582734137561, 0.8298973686033432, 0.04777371197050188, 0.9521426972954208, 0.018250220404488066, 0.017989198017906907], "weight_decay": [6.273927602293595e-05, 0.00015316508243748712, 0.003077201812975576, 2.0004484210638855e-06, 0.002156917714305619, 0.00225522225239458, 1.1269711680133682e-05, 4.411959206764395e-06, 0.00225522225239458, 0.0028062874233643403, 0.004675105220399801, 0.002161850143724206, 0.002366453959559253, 0.04430788173937543, 0.03281253158958891, 0.002698157421230302, 0.004960958147248552, 0.002698157421230302, 0.003911163725871865, 0.002678180240678082, 0.009004799136679875, 0.0022970504103879967, 0.0986813387889167, 0.01737965482009739, 0.0001852308899805385, 0.0025946165470934835, 0.0023793263118178174, 0.002698157421230302, 0.0025997877861630796, 0.0024482089428882023, 8.977754948483874e-05, 1.5553720681523642e-05, 0.006192888619289035, 0.0030661837563096673, 0.0002680019658454027, 0.0034407128052053424, 0.0036244848744883787, 0.0036735321377585023, 0.002959059000516974, 0.003200980772718651, 0.0025059205190755434, 0.002698157421230302, 3.22101815287529e-05, 0.002698157421230302, 0.002552730662693361, 0.0026405927415821076, 0.002746766092468373, 0.007693695965985389, 0.0025776362539115995, 0.0026405927415821076, 0.0009099595772415692, 0.062493236210311644, 0.0036663700956343077, 0.00507296936833756, 0.002652453346051809, 0.0007564074719136706, 0.005007655779501339, 0.00507296936833756, 0.002609835437038428, 0.0026405927415821076, 0.0026405927415821076, 2.724316743777189e-05, 0.0025997877861630796, 1.6983865991372076e-06, 0.006764889541284836, 0.0073404832682101104, 0.010005955715702085, 0.0052093396538015185, 0.0001019923684222037, 0.005662068440898617, 0.00690742879926035, 0.00017008952303355492, 0.003569784615949022, 0.00507296936833756, 0.00507296936833756, 0.06941159937254456, 0.005786800159009715, 3.163330708761546e-05, 0.0054687732327132485, 0.005671163501361968],