{"lr": [0.00012620948285169316, 1.4557916623227765, 0.7776492451078378, 2.239034272168371, 7.8179288051723566, 0.9903593841281118, 0.020295362430434737, 0.7991823454611494, 0.7192565133313586, 0.7125264161256594, 0.7124276799438076, 0.7214616138773448, 0.7227174977787405, 0.7177225236955345, 0.7241465218100877, 0.7161039505534011, 0.4679145028191855, 0.4675998473085622, 0.466440707596365, 0.47325827975839563, 0.46739737985912616, 0.47101470429004244, 0.00031705487596673734, 0.4666974910613916, 0.0006493288113703829, 0.8133971540528212, 0.8112202759674089, 0.8116657417395653, 0.8141604476697626, 0.804901135206879, 0.8134202296993558, 7.312101243134822, 1.143070283148685, 1.1380758136189433, 1.1431494010167311, 1.1428117789929864, 1.1395596920787967, 1.1341127167713132, 1.1330704774749547, 1.1492898833864416, 2.730911996418612, 2.7473197081562994, 0.004631543636419785, 2.7048813315244815, 2.697535053347986, 2.7349917508357975, 2.717264210674955, 2.750997868300852, 4.171127522869192, 4.216084305841321, 4.219021085964943, 0.0024433207803201277, 4.154594301967625, 4.174693501594372, 4.173414549004596, 4.11560811468968, 2.0533662273751574, 2.0538744841802417, 2.0713006806972034, 2.0591480176691532, 2.036591745693217, 2.0624870010332903, 2.0502731204669065, 2.0160264029078427, 2.194836655113941, 2.2214858113394693, 2.2291019421883664, 2.2035160306849133, 2.23892429286482, 2.21539031111155, 2.245605192259201, 2.254650324238085, 3.287899850671746, 3.2424877888365344, 3.234989324499638, 2.345004829171752, 3.224951004419617, 2.2989642316995162, 2.3935927842709837, 3.1277582217275914], "epochs": [178, 223, 193, 177, 144, 205, 148, 271, 230, 230, 230, 232, 231, 231, 231, 230, 229, 230, 229, 230, 230, 230, 248, 229, 70, 268, 268, 268, 268, 268, 269, 284, 128, 128, 128, 128, 128, 128, 128, 128, 268, 268, 275, 267, 267, 267, 267, 268, 207, 207, 207, 175, 206, 207, 207, 207, 246, 246, 246, 246, 245, 245, 245, 245, 300, 300, 300, 300, 300, 300, 300, 300, 208, 208, 208, 244, 208, 244, 243, 208], "lr_peak_epoch": [79, 140, 103, 110, 71, 16, 123, 43, 183, 86, 198, 176, 191, 228, 42, 212, 114, 17, 191, 71, 194, 36, 243, 87, 13, 37, 55, 47, 107, 181, 159, 204, 11, 122, 69, 125, 84, 45, 50, 65, 128, 152, 52, 159, 44, 173, 125, 256, 66, 170, 204, 149, 118, 62, 165, 108, 232, 130, 210, 28, 187, 191, 81, 151, 197, 191, 271, 192, 279, 237, 133, 114, 166, 163, 91, 107, 73, 67, 121, 139], "batch_size": [4196, 4196, 4196, 4196, 4196, 4196, 4196, 4196, 4196, 4196, 4196, 4196, 4196, 4196, 4196, 4196, 4196, 4196, 4196, 4196, 4196, 4196, 4196, 4196, 4196, 4196, 4196, 4196, 4196, 4196, 4196, 4196, 4196, 4196, 4196, 4196, 4196, 4196, 4196, 4196, 4196, 4196, 4196, 4196, 4196, 4196, 4196, 4196, 4196, 4196, 4196, 4196, 4196, 4196, 4196, 4196, 4196, 4196, 4196, 4196, 4196, 4196, 4196, 4196, 4196, 4196, 4196, 4196, 4196, 4196, 4196, 4196, 4196, 4196, 4196, 4196, 4196, 4196, 4196, 4196], "momentum": [0.45615033221654855, 0.5684339488686485, 0.018789800436355142, 0.6176354970758771, 0.6120957227224214, 0.6169339968747569, 0.9437480785146242, 0.6818202991034834, 0.6415518874514571, 0.6407121529793394, 0.6421472583401947, 0.638865544095553, 0.6407579266558483, 0.63977552248766, 0.6388859705300072, 0.6387725135565301, 0.26494747595530266, 0.2611381320487619, 0.26400085068378076, 0.2626997843375804, 0.26428559969958193, 0.26383976295589623, 0.7142412995491114, 0.2642204930942769, 0.12381998284944151, 0.27485658851529216, 0.2739349803294086, 0.27590160195851976, 0.274786627031401, 0.2748865212590011, 0.27392263455772553, 0.2776002762072435, 0.6529707731760211, 0.6519714238082663, 0.6525352223499318, 0.6523069424581165, 0.651660633810929, 0.6544647317662712, 0.6533127499113293, 0.6530851282451061, 0.9999980183826208, 0.9999949409824073, 0.40724117141380733, 0.999995056148838, 0.9998974446460258, 0.9998484466709998, 0.9997316379253419, 0.9996870172753657, 0.15315824901499364, 0.15219891980785474, 0.15224515033518124, 0.39267567654709434, 0.15420865689842733, 0.1514710170673235, 0.15080826058951785, 0.1521352979070122, 0.3869886937913312, 0.3869987007144366, 0.3875049117779078, 0.3876280460848748, 0.3862316138434149, 0.3866031063295715, 0.38571770017206214, 0.385864367294721, 0.5486818944174848, 0.5488916002052159, 0.5485503005325515, 0.548993646002466, 0.5481298314632709, 0.5484431994876329, 0.5485892445579954, 0.5483688010830374, 0.15823739342674314, 0.15823544772609482, 0.1579736380854621, 0.39956746556857187, 0.1581715365696008, 0.39829524961763796, 0.400401030030708, 0.15821199088340973], "weight_decay": [6.273927602293595e-05, 0.00015316508243748712, 0.003077201812975576, 2.0004484210638855e-06, 0.002156917714305619, 0.00225522225239458, 1.1269711680133682e-05, 4.411959206764395e-06, 1.006477905118997e-06, 1.0013276123862013e-06, 1.0006257774677318e-06, 1.00551633724998e-06, 1.0104122554862865e-06, 1.018064175966762e-06, 1.0014961105138275e-06, 1.0063489615886767e-06, 0.09997939649306854, 0.09999663417613168, 0.09996442555920268, 0.09985676085695032, 0.09969433696553552, 0.09940383949005865, 0.0986813387889167, 0.09992082870026196, 0.01737965482009739, 0.0011920880838223714, 0.0011917626827718894, 0.001194696413903531, 0.0011844627866373111, 0.0011849952669550582, 0.0012049091177825252, 1.0000191656899584e-06, 0.00015124778438490503, 0.00015315134853603063, 0.00015606767768037535, 0.00015396980411304227, 0.0001517769458718268, 0.0001546479155957167, 0.00015346274664449974, 0.00015242606644325622, 1.4666926986641933e-06, 1.4666688056175146e-06, 1.449341443318764e-05, 1.4559045336094306e-06, 1.4414196882561715e-06, 1.4090870644722156e-06, 1.4659215328488712e-06, 1.4478585427153933e-06, 2.4142120961327397e-05, 2.4328645336010356e-05, 2.4083095555706197e-05, 0.06053807596312874, 2.4581344283432323e-05, 2.3895146647252956e-05, 2.4294263927681046e-05, 2.42036707420621e-05, 2.3885910484997016e-06, 2.364871678361281e-06, 2.39758800328715e-06, 2.3637913351002224e-06, 2.3815163265365074e-06, 2.351919472544285e-06, 2.3715088078186776e-06, 2.368873069001093e-06, 0.007975531507213418, 0.008204135197617122, 0.0076168312167159535, 0.008349854727881016, 0.008095921639992476, 0.008003821601399634, 0.007775563758341077, 0.007742286249920867, 2.397590397730818e-05, 2.3895146647252956e-05, 2.376594462549021e-05, 2.3507921053847627e-06, 2.369145614439121e-05, 2.341343804969191e-06, 2.331274005934458e-06, 2.3366149722584743e-05],