{"lr": [0.00010155633992882619, 0.05202745044670158, 0.00340836046120163, 0.0009534062762855237, 0.00014824258648434645, 0.01736035665374478, 4.434243554566435, 0.00022728618952575985, 0.005072011125460838, 0.0050085665349958565, 0.005010023489504655, 0.0050537160951934605, 0.0050644727162501724, 0.005069478051605178, 0.005080165622755423, 0.004983306437165822, 0.003408343181021351, 0.00340836046120163, 0.004491817153687982, 0.004502005089487755, 0.004512623392033203, 0.004441899596912863, 0.004487225326925168, 0.004570739607296376, 1.5650504853212646, 0.003908495935947527, 0.0039017282915518076, 0.003888987596069787, 0.0008523641796992808, 0.003941696486687837, 0.003989322674931145, 0.8326561390560648, 0.0033991539862920166, 0.003497147763321501, 0.0031870822992139444, 0.004797772065569483, 0.004748401048388946, 0.00471444784355787, 0.004734613932173463, 0.004703057399666687, 0.0035934496482947797, 0.003606611023071987, 0.0036127152680719694, 0.0036290108367018612, 0.0054556184307781586, 0.005425208540564214, 1.540033168737942, 0.003961503644881567, 0.0034702507608222206, 0.0034826964095033765, 0.123842525329911, 0.0034905616766913753, 0.0034815713041731955, 0.003464356161232757, 0.0035198583200595534, 0.050071852491844884, 0.0034299611244648863, 0.0034721704786430437, 0.0034971553817948952, 0.003517111105774805, 0.12119508766688712, 0.12745671732198802, 0.16181382332363672, 0.1389960095124754, 0.14677193957673546, 0.14625698745510787, 0.14665267488680744, 0.14688989931640845, 0.14555369433974663, 1.7905361365137267, 0.08642220751117821, 0.1454075867464311, 0.14711699960625535, 0.1464641944213601, 0.14737321331510855, 0.14573605754887045, 0.1467893653979132, 0.1484785276365144, 0.1486064892434414, 0.1989542157029442], "epochs": [56, 105, 148, 170, 178, 230, 284, 298, 90, 90, 90, 90, 90, 90, 90, 90, 148, 148, 90, 90, 90, 90, 90, 90, 125, 221, 222, 222, 42, 222, 223, 299, 148, 148, 148, 90, 90, 90, 90, 90, 148, 148, 148, 148, 90, 90, 163, 90, 148, 148, 194, 148, 148, 148, 148, 105, 148, 148, 148, 148, 194, 194, 296, 194, 194, 194, 194, 194, 194, 35, 202, 194, 194, 194, 194, 194, 194, 194, 194, 296], "lr_peak_epoch": [21, 88, 31, 21, 103, 5, 6, 115, 47, 59, 86, 75, 79, 48, 34, 34, 50, 58, 47, 82, 40, 21, 18, 42, 85, 170, 28, 49, 18, 103, 138, 105, 36, 3, 109, 28, 80, 12, 67, 55, 89, 129, 1, 136, 25, 68, 22, 60, 34, 102, 88, 10, 115, 40, 12, 60, 61, 30, 87, 124, 19, 150, 143, 155, 169, 156, 10, 146, 189, 22, 38, 0, 150, 23, 177, 119, 85, 134, 67, 209], "batch_size": [4196, 4196, 4196, 4196, 4196, 4196, 4196, 4196, 4196, 4196, 4196, 4196, 4196, 4196, 4196, 4196, 4196, 4196, 4196, 4196, 4196, 4196, 4196, 4196, 4196, 4196, 4196, 4196, 4196, 4196, 4196, 4196, 4196, 4196, 4196, 4196, 4196, 4196, 4196, 4196, 4196, 4196, 4196, 4196, 4196, 4196, 4196, 4196, 4196, 4196, 4196, 4196, 4196, 4196, 4196, 4196, 4196, 4196, 4196, 4196, 4196, 4196, 4196, 4196, 4196, 4196, 4196, 4196, 4196, 4196, 4196, 4196, 4196, 4196, 4196, 4196, 4196, 4196, 4196, 4196], "momentum": [0.9803943203319192, 0.11671544728843086, 0.9837741473204955, 0.8645624954851582, 0.2735839259797771, 0.41903147905322735, 0.01476321890527521, 0.7898251999667825, 0.6540503846063085, 0.6533208104646923, 0.6547210881536086, 0.6546738759048509, 0.6524857399715719, 0.6560847428419078, 0.6547967799810096, 0.6546674681466671, 0.9825202450163992, 0.8990111213553217, 0.5682376190295206, 0.5631318443531463, 0.5604458214669306, 0.5724041482100621, 0.5582926313390776, 0.5454841970717734, 0.7201887510576681, 0.9999839718163164, 0.9999660318405555, 0.9999525459829183, 0.0015450945604843502, 0.9999477249478831, 0.9998853026207599, 0.6652053014083807, 0.9992930112233182, 0.9999548630510741, 0.9998781936946471, 0.42837867949765845, 0.42378781080526073, 0.4292145518628865, 0.4337119000504614, 0.41744065584409257, 0.9908733203566098, 0.9918942489603706, 0.9915060257559342, 0.9911001498277442, 0.5858807623273724, 0.5941306077996135, 0.658361884984952, 0.6654202996783307, 0.9998269858283402, 0.9990790267863038, 0.5425325179251915, 0.9999548630510741, 0.9992429072677723, 0.9990464569463161, 0.9997505366207472, 0.6722830102151107, 0.9993772317697631, 0.9977139651699143, 0.999350243426866, 0.9997916374523135, 0.56188918645333, 0.6715217650809457, 0.5546518428994014, 0.5425325179251915, 0.6145875457847447, 0.6221309300800996, 0.6192501706730942, 0.6331231418393297, 0.6380168722232454, 0.6257882886122099, 0.8261875961035515, 0.6396682211660883, 0.42652586492787414, 0.4313930232956148, 0.4283216179721358, 0.4279032706131067, 0.4295101077644031, 0.4245485011890457, 0.4277233134438901, 0.597132276352403], "weight_decay": [0.02031511541820095, 7.419325396153499e-05, 1.964807474792169e-06, 0.0005824050275158136, 0.08776173900698461, 0.04232033876239603, 0.0015060382110847188, 0.0010552897567260022, 4.741516000447676e-06, 4.733545321681369e-06, 4.740236674832257e-06, 4.7633184627302975e-06, 4.723427824209812e-06, 4.747514878206596e-06, 4.789915149616551e-06, 4.696357494305593e-06, 1.9034352750451911e-06, 1.964807474792169e-06, 4.5368855304456464e-06, 4.570787345756402e-06, 4.566390633887968e-06, 4.528393066940728e-06, 4.590066243586106e-06, 4.62083331928904e-06, 1.7415331582356509e-06, 3.1706596802521615e-06, 3.1578119193264967e-06, 3.1980071623484262e-06, 1.5000300409735615e-05, 3.178177259825094e-06, 3.1625098797557263e-06, 0.010020034739698957, 1.909854633422237e-06, 1.951641710142391e-06, 1.964807474792169e-06, 4.975245409376355e-06, 4.966163091666288e-06, 4.963837718874794e-06, 4.9998005645554214e-06, 4.9006230134476684e-06, 1.925420312988777e-06, 1.923538063830991e-06, 1.921726948952857e-06, 1.9292686260176075e-06, 5.101024982785612e-06, 5.169883691588476e-06, 0.0001951935553658848, 4.515243110406261e-06, 2.1309207049213444e-06, 2.3495779684157242e-06, 2.3304251492083075e-05, 2.6722655950170466e-06, 2.5117046599206584e-06, 2.450799644126079e-06, 2.689356981044034e-06, 3.3716306231056016e-05, 1.6313563198754382e-06, 1.630754471691144e-06, 1.6433070644148664e-06, 1.6059395151790323e-06, 1.6857813801083577e-05, 1.7931213075228368e-05, 7.856512272626095e-05, 2.7947775762403716e-05, 2.1629042253518727e-05, 2.1519564064887614e-05, 2.1504955003224446e-05, 2.182349011058205e-05, 2.169735388446511e-05, 0.056808103555980344, 0.020024527702966782, 2.1850401095916963e-05, 2.1944463087290003e-05, 2.188877112909249e-05, 2.1728113800179918e-05, 2.1691439330750134e-05, 2.1392747934664402e-05, 2.1815117244811926e-05, 2.144650107107901e-05, 7.854592355869882e-05],