{"lr": [0.3144760601854805, 0.02083718104203854, 0.00017649684691023988, 0.904517083370525, 0.24033002736130557, 0.4713522757649301, 1.498085780203093, 0.7947470752524386, 0.5862842592902354, 6.558291059618794, 4.354373412173237, 0.7639750442311013, 0.597980534772307, 0.0003374904673783957, 1.1502728128139315, 0.0971727362995455, 0.6866665311436925, 0.6186382620114826, 0.7406235817092246, 0.6747851660222631, 7.130269589368032, 0.009156595134472013, 2.3533394365412064, 0.0008240943109722133], "epochs": [146, 158, 86, 229, 182, 222, 283, 112, 222, 158, 123, 189, 121, 66, 130, 151, 171, 196, 213, 180, 188, 41, 120, 129], "lr_peak_epoch": [124, 50, 68, 169, 103, 57, 30, 64, 126, 151, 9, 128, 104, 38, 102, 99, 117, 121, 198, 1, 80, 13, 81, 126], "batch_size": [4196, 4196, 4196, 4196, 4196, 4196, 4196, 4196, 4196, 4196, 4196, 4196, 4196, 4196, 4196, 4196, 4196, 4196, 4196, 4196, 4196, 4196, 4196, 4196], "momentum": [0.977363018208302, 0.3670729550478773, 0.7489671216268082, 0.9668418543731856, 0.4973971320526651, 0.42218540500983937, 0.3769699097433723, 0.1313204437727683, 0.9938420309196538, 0.9811038210548011, 0.9164531137782953, 0.9479628046522819, 0.9355605263242175, 0.9112651422451745, 0.9577792925484861, 0.4884862721890829, 0.9521422313024466, 0.9479628046522819, 0.9578897308521289, 0.9475998820543374, 0.9545627122296291, 0.9552275484840156, 0.4350292607770804, 0.275522390256125], "weight_decay": [1.8093739741920349e-06, 0.014580207480428103, 0.00232801190282986, 0.00024654036717134396, 7.911287349693601e-05, 0.0009867758954103896, 0.07726781202825045, 1.0943935254277757e-06, 0.0008623639931521954, 0.019726853502985742, 0.009327869855414015, 0.000646198417558146, 1.6731408747020916e-06, 0.005868390724557006, 0.0011036733145698666, 0.011343979788689717, 0.0011036733145698666, 0.0010900801954646154, 0.001172472979837595, 0.001256907466412995, 0.001134468772137784, 0.0014348091727032029, 0.01010745722202708, 0.0005033355844781983], "label_smoothing": [0.4254683273743092, 0.03907505392432814, 0.3115534924599837, 0.15782119854641935, 0.24891408010755156, 0.2393297050469843, 0.09931771553540214, 0.24473855398788608, 0.17171251420450395, 0.15978090092375455, 0.13435951641298471, 0.3357760984400929, 0.36271094762999434, 0.354213670509501, 0.31829453428491206, 0.061600003332202086, 0.3066180554793796, 0.3393682416100341, 0.22042255851887896, 0.18675438967568112, 0.0577144993507676, 0.029762405964998608, 0.04873801845258119, 0.2727885592164701], "num_workers": [8, 8, 8, 8, 8, 8, 8, 8, 8, 8, 8, 8, 8, 8, 8, 8, 8, 8, 8, 8, 8, 8, 8, 8], "lr_tta": [true, true, true, true, true, true, true, true, true, true, true, true, true, true, true, true, true, true, true, true, true, true, true, true], "time": [91.97843813896179, 93.37767314910889, 53.79068851470947, 132.36394119262695, 106.33617162704468, 128.81623244285583, 162.06509494781494, 68.21006679534912, 128.8351559638977, 93.04303646087646, 73.96065545082092, 110.4236478805542, 73.43039989471436, 43.112056493759155, 78.0758707523346, 89.50189590454102, 100.91143941879272, 114.57337212562561, 124.07147479057312, 105.73107981681824, 109.73913168907166, 29.371585369110107, 72.64963507652283, 77.88122296333313], "train": [99.94, 46.84, 2.88, 99.95, 99.92, 99.97, 0.98, 99.6, 79.33, 1.01, 1.01, 99.87, 99.95, 9.86, 82.92, 99.64, 99.23, 99.75, 86.78, 99.93, 1.0, 49.1, 23.71, 7.34], "test": [52.79, 39.73, 2.85, 56.32, 44.87, 49.78, 1.0, 47.17, 56.72, 1.0, 1.0, 56.8, 52.1, 9.94, 58.57, 54.22, 58.38, 57.57, 58.6, 57.58, 1.0, 40.33, 24.22, 7.32]}