{"lr": [0.00012620948285169316, 1.4557916623227765, 0.7776492451078378, 2.239034272168371, 7.8179288051723566, 0.9903593841281118, 0.020295362430434737, 0.7991823454611494, 0.40805514942328275, 0.3992128633832228, 0.39893101607465614, 0.40580903590334744, 0.39845320425154607, 0.40746804682026794, 0.40493722621235884, 0.5165281400490973, 0.32844481538478976, 0.3279965485857296, 0.332868789550096, 0.3290404573971002, 0.3276104636913854, 0.32989423079346775, 0.00031705487596673734, 0.8523432578690142, 0.0006493288113703829, 1.0699690771437158, 1.0613347413740108, 1.0597692418664506, 1.0663768475287447, 1.0709103768048072, 1.0852606542143217, 1.0599713792671923, 0.44859555411719493, 0.44910069712456346, 0.44803210038738206, 0.4483310275640838, 0.4485674291467654, 0.4481510946537446, 0.44979033026438925, 0.4483590023911132, 0.7690558403982803, 0.7744191209349549, 0.004631543636419785, 0.7772166265458506, 0.7728564998696856, 0.7809405591170885, 0.7730259148750236, 0.7756799476784443, 1.4112772591874183, 1.4131592494614007, 1.4122508704001675, 0.0024433207803201277, 3.419544532572922, 3.3939979601421144, 3.465790024717185, 3.4113876566373387, 0.6727229876740229, 0.674053505083979, 0.6687725541687292, 0.6766840657807992, 0.6682285209401077, 0.6714814594431627, 0.6776873452163953, 0.6768445837792686, 0.9561809492182105, 0.9551096210058508, 0.9562035644779551, 0.9574239783238409, 0.9457761370531527, 0.9586166383888043, 0.9441068651181156, 0.9555698033304079, 2.759749678076222, 2.8266054449927647, 2.8395441074389107, 2.8682176157134944, 2.847960961618512, 0.9419912592571192, 0.938569510402407, 0.9405189022461881], "epochs": [178, 223, 193, 177, 144, 205, 148, 271, 177, 175, 174, 176, 174, 176, 176, 135, 199, 199, 199, 199, 199, 199, 248, 197, 70, 300, 300, 300, 300, 300, 300, 300, 186, 186, 186, 186, 186, 186, 186, 186, 166, 166, 275, 166, 166, 166, 166, 166, 162, 162, 162, 175, 216, 217, 216, 216, 240, 240, 240, 240, 240, 240, 240, 240, 95, 95, 94, 94, 94, 94, 94, 94, 114, 115, 115, 115, 117, 300, 300, 300], "lr_peak_epoch": [59, 140, 114, 139, 93, 196, 8, 120, 117, 144, 93, 148, 110, 38, 45, 94, 31, 39, 40, 50, 36, 121, 93, 180, 18, 53, 268, 114, 151, 1, 289, 255, 22, 159, 70, 40, 98, 21, 72, 89, 81, 122, 161, 154, 19, 65, 43, 144, 86, 77, 137, 111, 80, 159, 59, 173, 0, 158, 161, 134, 207, 50, 46, 179, 18, 4, 68, 43, 61, 91, 64, 4, 112, 1, 90, 79, 97, 283, 276, 296], "batch_size": [4196, 4196, 4196, 4196, 4196, 4196, 4196, 4196, 4196, 4196, 4196, 4196, 4196, 4196, 4196, 4196, 4196, 4196, 4196, 4196, 4196, 4196, 4196, 4196, 4196, 4196, 4196, 4196, 4196, 4196, 4196, 4196, 4196, 4196, 4196, 4196, 4196, 4196, 4196, 4196, 4196, 4196, 4196, 4196, 4196, 4196, 4196, 4196, 4196, 4196, 4196, 4196, 4196, 4196, 4196, 4196, 4196, 4196, 4196, 4196, 4196, 4196, 4196, 4196, 4196, 4196, 4196, 4196, 4196, 4196, 4196, 4196, 4196, 4196, 4196, 4196, 4196, 4196, 4196, 4196], "momentum": [0.45615033221654855, 0.5684339488686485, 0.018789800436355142, 0.6176354970758771, 0.6120957227224214, 0.6169339968747569, 0.9437480785146242, 0.6818202991034834, 0.0005027066638439255, 0.00025700375016854827, 0.0007309042119009778, 0.00014637030327305025, 0.00025036649446512934, 7.790262218333746e-05, 0.0005420427161192591, 0.275065436190767, 0.0014805120702782205, 0.0002475375423287361, 6.201258328706558e-05, 0.00013500497862357032, 0.0006564652353805733, 4.906361136427714e-05, 0.7142412995491114, 0.23253745832862632, 0.12381998284944151, 0.000189924903137107, 5.4418423169176654e-05, 7.140652055655228e-05, 0.0001299565517105727, 0.0011639468081497107, 0.0010086193985944574, 0.0004602007112937956, 0.8955362168419619, 0.8957285755266033, 0.8958582951234407, 0.8964951906027587, 0.8957915277910062, 0.8960695362739642, 0.8945181316595825, 0.8949499883306039, 0.00013741232271672677, 0.0002406680814471745, 0.40724117141380733, 2.2111794670960633e-05, 0.00042473928073938827, 0.000686124530393738, 0.0005817295995463206, 5.702133063814621e-05, 0.00028364006730684276, 3.0064878238772724e-05, 0.0006496323374369324, 0.39267567654709434, 0.9998696217818317, 0.9997169336596917, 0.9999272373955573, 0.9995093607001962, 0.17112833069021205, 0.17120015844190514, 0.17078790657481066, 0.17204126996588182, 0.1717545901668487, 0.1724866154516213, 0.17100724729833136, 0.16957622949783888, 0.2268408008358778, 0.22575317684794552, 0.22723474528582047, 0.22718222535417787, 0.22891275443598627, 0.22618537621290435, 0.2277373089864369, 0.2297608247559623, 0.00022515200724767637, 0.00023600563349379446, 0.00033818572173830493, 0.0006491724649531068, 0.0004931068933855258, 0.9999856676411146, 0.9999336477406463, 0.9998391799423363], "weight_decay": [6.273927602293595e-05, 0.00015316508243748712, 0.003077201812975576, 2.0004484210638855e-06, 0.002156917714305619, 0.00225522225239458, 1.1269711680133682e-05, 4.411959206764395e-06, 0.00042934000025819245, 0.00041561866432709093, 0.0004221792400559693, 0.0004146526374256577, 0.0004163609866440198, 0.00041633493758143743, 0.0004306133864909976, 1.0012831905415823e-06, 0.00020796445249888755, 0.00020839234055578304, 0.00020913802749834222, 0.0002075308041867698, 0.00020537488095037957, 0.00020891643085277811, 0.0986813387889167, 0.0027082609770105555, 0.01737965482009739, 0.09983170498680768, 0.09993471806903206, 0.09963889759492686, 0.09984002453106613, 0.09981537146268113, 0.0998775191781778, 0.09964589959785657, 3.6321147257514274e-05, 3.661407226224632e-05, 3.639738282634648e-05, 3.6624041864360754e-05, 3.5623934347675863e-05, 3.619562583598873e-05, 3.6795067208631803e-05, 3.673232518361384e-05, 0.0008897525271746595, 0.0008837061543542125, 1.449341443318764e-05, 0.0008689539059813748, 0.000880083227760394, 0.000878942585681419, 0.0008793840424386348, 0.0008606361212281548, 0.034916805467771206, 0.035494830303384, 0.034859635463567296, 0.06053807596312874, 1.0117878901016549e-06, 1.0033655472951843e-06, 1.0030441233818745e-06, 1.011433997148038e-06, 0.0011176059888267625, 0.0011102901459237677, 0.001116627870369593, 0.0011104578362020865, 0.0011275694000235867, 0.0011315414271603724, 0.001100759855711055, 0.0011203693784847617, 5.1625197737984376e-06, 5.172269810496845e-06, 5.1438707873368565e-06, 5.134273058980538e-06, 5.150929893522595e-06, 5.151815958079523e-06, 5.145581837589021e-06, 5.218376820080581e-06, 0.0010623961778614718, 0.0010338650402017266, 0.0010358473833495731, 0.001040249372375637, 0.0010354429193002277, 3.641249324449831e-05, 3.649629312083339e-05, 3.606703327906519e-05],