{"lr": [0.00027805285238126045, 0.00043010141328795264, 0.5837540093050019, 0.018250425122233332, 0.0006716761203029695, 0.05802737138817348, 0.16132365600403425, 0.40994294194216224, 0.2185098065412866, 0.2181616147709767, 0.21630738770791524, 0.21759946382876874, 0.2183863889902628, 0.2200418420034359, 0.21554020290868695, 0.2178747541929045, 9.99512280594867, 9.994529697441228, 9.99385066294014, 9.9961924432185, 9.994200354585905, 0.07823960854692244, 9.991339366068406, 9.987198828337176, 0.31946592691595177, 0.3202628985441231, 0.3191959955416718, 0.31865910907210215, 0.3199202491485092, 0.32179745357639067, 0.32181272605677275, 0.31711530735747506, 0.12004181916078319, 0.11932956430025116, 0.12071263803086828, 0.1191813902042323, 0.11947543626375653, 0.11888860600938957, 0.6258218379001926, 0.6269158669173037, 0.35409842564460214, 0.3549980002570096, 0.3533494588684905, 0.3522992770695259, 0.3560401143434986, 0.3496376902376924, 0.3565810875491411, 0.3531562953498157, 0.41979125426306835, 0.29210761068062824, 0.29151544352820546, 0.2925117148804209, 0.292472632029661, 0.2935203837015557, 0.29151325449637533, 0.292005710830841, 0.18215409573829294, 0.18108747743905942, 0.1809141878095637, 0.181068042009505, 0.17928505448206833, 0.1790957371578451, 0.17915987491025245, 0.17910117117418017, 0.1521983227132254, 0.15369586550395684, 0.33826323428635185, 0.33440573928033573, 0.41176533791782316, 0.3560401143434986, 0.42109423075797725, 0.3522992770695259, 0.35123231805592364, 0.350835715330215, 0.35166048418689433, 0.3465853941957409, 0.3479205094051098, 0.3429096398870227, 0.34719160550689515, 0.3472228420016577], "epochs": [170, 276, 257, 78, 216, 264, 230, 113, 241, 241, 241, 241, 241, 241, 241, 241, 236, 237, 236, 237, 236, 219, 236, 236, 196, 196, 196, 196, 196, 196, 196, 196, 286, 286, 286, 286, 286, 285, 86, 86, 299, 300, 300, 298, 300, 300, 300, 300, 138, 127, 127, 127, 127, 127, 127, 127, 300, 300, 300, 300, 300, 300, 300, 300, 286, 286, 196, 196, 282, 300, 300, 300, 300, 300, 300, 300, 300, 300, 300, 300], "lr_peak_epoch": [166, 163, 16, 30, 122, 177, 196, 109, 41, 120, 92, 74, 143, 53, 20, 153, 8, 71, 233, 206, 205, 44, 97, 211, 138, 11, 154, 97, 28, 125, 76, 25, 165, 52, 187, 44, 203, 155, 85, 46, 268, 68, 266, 223, 89, 241, 202, 101, 85, 97, 21, 30, 93, 27, 71, 87, 177, 40, 228, 60, 5, 6, 15, 125, 241, 20, 56, 25, 154, 16, 176, 177, 128, 138, 177, 151, 111, 43, 276, 283], "batch_size": [4196, 4196, 4196, 4196, 4196, 4196, 4196, 4196, 4196, 4196, 4196, 4196, 4196, 4196, 4196, 4196, 4196, 4196, 4196, 4196, 4196, 4196, 4196, 4196, 4196, 4196, 4196, 4196, 4196, 4196, 4196, 4196, 4196, 4196, 4196, 4196, 4196, 4196, 4196, 4196, 4196, 4196, 4196, 4196, 4196, 4196, 4196, 4196, 4196, 4196, 4196, 4196, 4196, 4196, 4196, 4196, 4196, 4196, 4196, 4196, 4196, 4196, 4196, 4196, 4196, 4196, 4196, 4196, 4196, 4196, 4196, 4196, 4196, 4196, 4196, 4196, 4196, 4196, 4196, 4196], "momentum": [0.808097912713839, 0.6108281554865798, 0.6581134877687663, 0.39514759257292487, 0.5477226319913335, 0.37739686601080435, 0.22800540073795816, 0.31458417948351725, 0.43114261621702693, 0.4305482683619259, 0.43080580901997245, 0.43134666595774085, 0.4327681580062583, 0.43166792305579815, 0.4312809658286942, 0.4299172611106077, 0.35177326731772124, 0.3515809521653487, 0.34911822485745486, 0.3505123218994557, 0.35021555550353944, 0.002487825191085258, 0.35034054414910576, 0.35080902157216337, 0.4976061921972874, 0.49816129321150904, 0.49837644051829544, 0.4964274381892641, 0.4980096716131423, 0.4988275799656545, 0.4981723982790651, 0.4984125504998864, 0.35031407005310133, 0.3509940142620059, 0.3506932104481804, 0.3515651928796851, 0.3492663000922945, 0.351615702061019, 0.391767706404536, 0.3923881941846887, 0.9517030139091811, 0.9524496890445258, 0.9527725970835076, 0.9565538390719359, 0.9490307428885539, 0.9612545097823124, 0.9498605170882688, 0.9552231943240728, 0.2912282842220123, 0.8221595019402934, 0.825499983219687, 0.8225694124508645, 0.8241879793621275, 0.8229818297739467, 0.8251987806264294, 0.8249255582900792, 0.7274242886265508, 0.7262090309703544, 0.7295907335000169, 0.7291638400989541, 0.7329788766117236, 0.7325431390960487, 0.7315651056465109, 0.7336703677482928, 0.35015326973515215, 0.3514194618190745, 0.5014105989860339, 0.5016925577063721, 0.9512302197880662, 0.9582761464790311, 0.9513976042105567, 0.9572806185095385, 0.9562433742540302, 0.9566995259931117, 0.9569838770808635, 0.95723346310038, 0.9565522317271281, 0.9549926574033611, 0.9547283402367616, 0.9533284291127152], "weight_decay": [1.4987114280686799e-06, 0.0257192219118249, 3.913033421532803e-06, 0.0074785252331178035, 0.07007180568071394, 0.0006026000825192461, 0.009668948702504789, 1.1617260637008525e-05, 6.892339565819153e-05, 6.833477102883786e-05, 6.89689962937261e-05, 6.825706378526816e-05, 6.798154616608043e-05, 6.810220587081054e-05, 6.937364282924233e-05, 6.941110862781112e-05, 1.0814850857705315e-05, 1.078842873069383e-05, 1.0758367717766016e-05, 1.0705447191595178e-05, 1.0715115616918437e-05, 0.005702290830166997, 1.0778976534502385e-05, 1.0858598648480841e-05, 4.3396057380077675e-06, 4.313874275550682e-06, 4.300051452151509e-06, 4.319754866875131e-06, 4.398524221008295e-06, 4.346132184880703e-06, 4.345736806573876e-06, 4.312342493204845e-06, 3.747865585866432e-06, 3.792896109928325e-06, 3.7948874155957293e-06, 3.7871558981125066e-06, 3.8040808023052187e-06, 3.7415148144607273e-06, 1.000396270197648e-06, 1.0016159209769469e-06, 0.00011136699946033816, 0.00010809247747551263, 0.00010897272693829423, 0.00011408320897496853, 0.00010914443635893379, 0.0001039794423380654, 0.00011052126781490671, 0.00010231980717770012, 1.3230922561370232e-06, 0.00477117490220049, 0.004783946596566274, 0.004820786407548902, 0.0047860966943795, 0.004822655166398355, 0.004814885581191919, 0.004832772186198949, 2.3889374181919945e-06, 2.365091781679085e-06, 2.4078253457133296e-06, 2.3801738656388645e-06, 2.420048321468082e-06, 2.4138952558746726e-06, 2.3772515700855753e-06, 2.394275696986773e-06, 3.778068648139804e-06, 3.7871558981125066e-06, 4.303806571432476e-06, 4.301773496152777e-06, 0.00010897272693829423, 0.00010306655653760075, 0.00011032877337756963, 0.00010411635002516492, 0.0001047138356629313, 0.0001054391856660896, 0.00010504744015776569, 0.00010609129262646803, 0.00010634825221487654, 0.00010356129979249745, 0.00010346545724098977, 0.0001039794423380654],