{"lr": [0.00011376561273029506, 0.09136311517025049, 0.14752792699281822, 0.00014551523669736733, 0.00023456810896873223, 8.45938539409644, 0.004557691733917218, 0.12054135675175402, 0.19971047019327806, 0.19124920098967002, 0.0013392181683480279, 0.20886099154829413, 0.18543970833222284, 0.23654185618646398, 0.2497490306516437, 0.004935520615491658, 0.0010749290711859025, 0.5408958849846724, 0.5402748667674651, 0.55977987157792, 0.5433958890626002, 0.5436316787355818, 0.5286515391296822, 0.5403370785107469, 0.020757134918845396, 9.974205142659132, 9.973040466929339, 0.0053822688622986205, 0.003918267017445704, 9.993106277149188, 9.989512957565518, 9.949000156538078, 0.6109347963161156, 0.6130875549576148, 0.6095622330628475, 0.6078154644195641, 0.6053231341765914, 0.6195927565358669, 0.6097312101462912, 0.612906736993023, 0.5796473352536956, 0.5775635764949832, 0.5831189699497059, 0.5776639391064321, 0.5804507793564164, 0.5840003204379363, 0.5761466106913682, 0.5827384677644716, 0.391258996113806, 0.39209269972419397, 0.3923823081295784, 0.3844154101520029, 0.385303811231781, 0.39588211927314987, 0.38869774088040177, 0.38520743992701223, 0.5482497237594269, 0.0001109699702703087, 0.5484711549896942, 0.5478942947218103, 0.5469062843009306, 0.38933856167119957, 0.5800265135549714, 0.49685808796698755, 0.551782420829919, 0.5504605535719975, 0.004877252438119322, 0.5585395791576412, 8.023708589611061, 0.3867982444081876, 0.5922804448962593, 7.418168362684447, 0.5469283900905875, 0.5452369112384811, 0.5484869551291434, 0.545801865531967, 0.5469062843009306, 0.5488924216416233, 0.5414643770512797, 0.5488425251334461], "epochs": [79, 252, 46, 138, 220, 138, 237, 112, 30, 30, 224, 30, 31, 30, 30, 234, 188, 62, 62, 62, 62, 62, 61, 61, 206, 53, 54, 249, 36, 53, 53, 53, 30, 30, 30, 30, 30, 30, 30, 30, 50, 49, 49, 49, 49, 50, 49, 50, 62, 62, 62, 62, 62, 62, 62, 62, 62, 231, 62, 62, 62, 62, 49, 95, 62, 62, 192, 62, 190, 62, 49, 118, 62, 62, 62, 62, 62, 62, 62, 62], "lr_peak_epoch": [71, 59, 37, 39, 150, 24, 2, 18, 7, 14, 161, 21, 30, 6, 20, 211, 5, 24, 55, 56, 4, 29, 10, 23, 141, 13, 25, 207, 28, 41, 27, 37, 21, 5, 7, 24, 23, 14, 19, 27, 10, 33, 42, 29, 0, 38, 11, 9, 36, 26, 15, 41, 61, 4, 16, 33, 37, 18, 20, 24, 27, 13, 18, 28, 3, 10, 16, 28, 72, 35, 9, 51, 15, 55, 42, 14, 2, 11, 24, 56], "batch_size": [4196, 4196, 4196, 4196, 4196, 4196, 4196, 4196, 4196, 4196, 4196, 4196, 4196, 4196, 4196, 4196, 4196, 4196, 4196, 4196, 4196, 4196, 4196, 4196, 4196, 4196, 4196, 4196, 4196, 4196, 4196, 4196, 4196, 4196, 4196, 4196, 4196, 4196, 4196, 4196, 4196, 4196, 4196, 4196, 4196, 4196, 4196, 4196, 4196, 4196, 4196, 4196, 4196, 4196, 4196, 4196, 4196, 4196, 4196, 4196, 4196, 4196, 4196, 4196, 4196, 4196, 4196, 4196, 4196, 4196, 4196, 4196, 4196, 4196, 4196, 4196, 4196, 4196, 4196, 4196], "momentum": [0.26814621489656465, 0.8316120896195853, 0.5470073836979119, 0.9325235893734557, 0.36592686080741865, 0.43699019489711355, 0.24736892152950907, 0.4588461427359234, 0.5789833234893912, 0.5812489104695205, 0.7340285805881839, 0.6106989922653467, 0.5680216930773956, 0.5863963985946131, 0.5732055423672683, 0.02927210677300708, 0.2807532595883624, 0.6844880643246591, 0.6857287799968034, 0.6849033213379874, 0.683941059143093, 0.6840762460764518, 0.684443900753218, 0.6849626710796054, 0.43568652892910653, 0.7791227396982363, 0.7781524721044999, 0.353989411936655, 0.9801672275765162, 0.7790729716965705, 0.7796483428360441, 0.778024980531042, 0.9997188628861863, 0.9997959558101533, 0.9999544390313011, 0.9988638670307186, 0.9998393515257344, 0.9999112467066502, 0.9999563246858612, 0.9994979709329753, 0.6929341269795865, 0.6924643385375131, 0.6959767451088347, 0.694853024134291, 0.6915987204339221, 0.69338662415978, 0.6928915068159534, 0.6939778286142839, 0.6938021950561511, 0.6949638559506729, 0.6952419237834578, 0.6958864167416174, 0.694746902246877, 0.6963326210005737, 0.6958765179028863, 0.6964258031255256, 0.6851528365894833, 0.257996251166863, 0.6861296755098757, 0.6851979974386598, 0.6835372543277134, 0.7007285311385777, 0.6583823226663119, 0.8741972421899873, 0.6843488832677973, 0.6847249185008246, 0.4017726936003696, 0.684093543109349, 0.9105202225540266, 0.6954256584403881, 0.6943546598856093, 0.6506220180966181, 0.6842472267613507, 0.6840291463353642, 0.6840324273050432, 0.6837142244802712, 0.6844211890070651, 0.6842784393720726, 0.6849829697660874, 0.6844859248282218], "weight_decay": [1.3848038540768159e-05, 0.01129211482752447, 0.0017590208098904683, 0.012304975810358085, 3.243832488731067e-06, 0.0001804308949799691, 0.0002537988580460007, 0.010953516472567268, 0.0011867827067950623, 0.001242123095988921, 1.5573451335957894e-05, 0.00044480481903225514, 0.0014457330802713953, 0.0009180030082655555, 0.0009081045163664907, 2.174000939199455e-06, 0.01049499977658111, 3.5229507185245545e-06, 3.572652713690944e-06, 3.574414538011299e-06, 3.4336256421156874e-06, 3.4636108374229185e-06, 3.5730684089570887e-06, 3.666767526288104e-06, 0.012380896685966617, 1.0007057963747702e-06, 1.0040159819507111e-06, 0.041271530790746996, 0.0002124597028779867, 1.0016237377643652e-06, 1.0001066318191192e-06, 1.0001263893907453e-06, 1.0023379557028854e-06, 1.014835641879547e-06, 1.0028904819231728e-06, 1.0140007595085396e-06, 1.0013892341227287e-06, 1.0231533890470849e-06, 1.0122610007827463e-06, 1.002795449407991e-06, 1.897039868217754e-05, 1.8941250400130237e-05, 1.9157118617563112e-05, 1.8927482317290867e-05, 1.816205090341744e-05, 1.8861059954361186e-05, 1.9145762906818523e-05, 1.8082273166535447e-05, 3.572652713690944e-06, 3.5667898541710216e-06, 3.5630505607260026e-06, 3.5637031328053363e-06, 3.58543744367882e-06, 3.5794950598004306e-06, 3.5845913498457e-06, 3.552129585182348e-06, 3.51888100848392e-06, 0.003247231324130026, 3.529610056287397e-06, 3.55374227071085e-06, 3.5005614818563625e-06, 3.5004842596609033e-06, 1.900384016488244e-05, 2.4986177066052454e-06, 3.4840464437867556e-06, 3.514467754446767e-06, 3.846224124216064e-06, 3.5128799845322248e-06, 2.16334040273034e-06, 3.5046070420664097e-06, 1.8540420243607097e-05, 2.3604386372996296e-06, 3.5397088199452893e-06, 3.5385442732080136e-06, 3.562552952864035e-06, 3.5428668280790396e-06, 3.510561878171923e-06, 3.5440989614359107e-06, 3.5775869076061485e-06, 3.5872710628554107e-06], "label_smoothing": [0.028442358692054803, 0.39163762166507593, 0.11920714324462872, 0.3152535823003746, 0.048912752498898204, 0.43352599545938875, 0.26395597951524197, 0.16896704796103418, 0.10412299160066132, 0.10374592027743787, 0.03875852768155569, 0.10657196307309277, 0.10308127801748031, 0.10698288925445351, 0.10780377682800792, 0.2298086223474288, 0.21438304281517917, 0.18599841091132022, 0.1849925960657208, 0.1859992435090617, 0.1862107456610361, 0.18617913766881986, 0.18336474150308274, 0.1840142797713772, 0.009111383971152631, 0.15499360886330996, 0.15473882885061394, 0.05030616356374312, 0.271357329231933, 0.1551635342484458, 0.15516914727670408, 0.15541434515758776, 0.03956092859450949, 0.0400373411313019, 0.038827938658152025, 0.03929607899423616, 0.0383258286033675, 0.04096869076780541, 0.03893740669753176, 0.039286895205399075, 0.16484976435180815, 0.16491252238234622, 0.16497189710274493, 0.16479069185942266, 0.16473373860657814, 0.16502977532467386, 0.16466402497527027, 0.1652446536482661, 0.17440859210328402, 0.17479004445245686, 0.1746087220172748, 0.17451900258703348, 0.17473590458219393, 0.1749299927433556, 0.1742854447464805, 0.17412899975835847, 0.18580383834663572, 0.37406869946033644, 0.1854403122696481, 0.1848892476905889, 0.18613259594421516, 0.18242739581315517, 0.16719713476661247, 0.03844907305983136, 0.1854190026967003, 0.1859687738486535, 0.11298884267713716, 0.18728859172676426, 0.4892522860607856, 0.17021283953356908, 0.16546675071907632, 0.2608000255952347, 0.18617178612267238, 0.1861784844677089, 0.18626148010163704, 0.18580383834663572, 0.18671201764276654, 0.18676294814054908, 0.18548480279021118, 0.1857241602083247],