{"lr": [0.00012620948285169316, 1.4557916623227765, 0.7776492451078378, 2.239034272168371, 7.8179288051723566, 0.9903593841281118, 0.020295362430434737, 0.7991823454611494, 0.5186837385845345, 0.00014313238987905054, 0.00023598280338809935, 0.15621655711080085, 0.0003023375152147211, 0.00023563192079538268, 5.432571915294751, 0.24402668954137463, 0.3815765213343543, 0.5186837385845345, 0.5012653706945281, 0.5451739547659906, 0.29298625834509984, 0.00018985479188016026, 0.00031705487596673734, 0.0006493288113703829, 0.010862167264542127, 0.5011088722654694, 0.4507996523964907, 0.44339210849590444, 0.4047202573479367, 0.43763090037713087, 0.4119773116457894, 0.4795659544594132, 0.20672405509021138, 0.4272841742419921, 0.0025624212589796715, 0.43795349682328366, 0.4365516399517241, 0.4363832460946424, 0.4340245197524256, 0.438470514081173, 0.495336553768693, 0.5087682913515363, 0.0022471886164168154, 0.5011088722654694, 0.5012653706945281, 0.5093509413631391, 0.49638378921680876, 0.49598252846105856, 0.49638378921680876, 0.495336553768693, 0.4967676192936566, 0.0015852631590727076, 0.4942736293512111, 0.4939500413849715, 0.4507996523964907, 1.9436283314646323, 0.49638378921680876, 1.6776424675065598, 4.098492585334818, 3.48132746301254, 2.3913027243189005, 0.03859602561972595, 2.798817976626184, 0.0063493285782526806, 0.49687810399311705, 0.4977284690711623, 0.5017936664453015, 0.49638378921680876, 0.05759587539371156, 0.0035637245585603693, 0.5011088722654694, 2.0492395739671245, 0.5017502852824766, 0.49687810399311705, 0.49638378921680876, 0.05092182602440237, 0.49638378921680876, 0.0007479283938585754, 0.49638378921680876, 0.5010809006820227], "epochs": [178, 223, 193, 177, 144, 205, 148, 271, 216, 163, 161, 138, 57, 43, 159, 212, 189, 189, 189, 189, 189, 189, 248, 70, 248, 185, 184, 180, 171, 181, 174, 184, 298, 170, 211, 178, 178, 176, 179, 178, 184, 179, 263, 179, 185, 181, 176, 174, 180, 180, 170, 235, 180, 180, 170, 154, 185, 190, 190, 189, 190, 96, 189, 221, 178, 162, 177, 140, 273, 97, 122, 120, 58, 175, 148, 166, 161, 279, 142, 107], "lr_peak_epoch": [89, 120, 73, 99, 126, 200, 1, 192, 91, 146, 68, 31, 6, 36, 4, 52, 180, 93, 37, 110, 137, 161, 110, 45, 154, 18, 76, 128, 85, 72, 163, 106, 110, 25, 161, 155, 44, 149, 38, 42, 132, 175, 123, 150, 142, 26, 153, 72, 12, 52, 118, 71, 46, 128, 136, 85, 21, 151, 114, 169, 84, 91, 142, 89, 31, 33, 176, 95, 125, 25, 54, 19, 43, 140, 68, 20, 70, 53, 138, 60], "batch_size": [4196, 4196, 4196, 4196, 4196, 4196, 4196, 4196, 4196, 4196, 4196, 4196, 4196, 4196, 4196, 4196, 4196, 4196, 4196, 4196, 4196, 4196, 4196, 4196, 4196, 4196, 4196, 4196, 4196, 4196, 4196, 4196, 4196, 4196, 4196, 4196, 4196, 4196, 4196, 4196, 4196, 4196, 4196, 4196, 4196, 4196, 4196, 4196, 4196, 4196, 4196, 4196, 4196, 4196, 4196, 4196, 4196, 4196, 4196, 4196, 4196, 4196, 4196, 4196, 4196, 4196, 4196, 4196, 4196, 4196, 4196, 4196, 4196, 4196, 4196, 4196, 4196, 4196, 4196, 4196], "momentum": [0.45615033221654855, 0.5684339488686485, 0.018789800436355142, 0.6176354970758771, 0.6120957227224214, 0.6169339968747569, 0.9437480785146242, 0.6818202991034834, 0.018789800436355142, 0.45615033221654855, 0.5583613962900924, 0.06414749634878436, 0.2653894909394454, 0.2653894909394454, 0.6120957227224214, 0.6169339968747569, 0.11657978953926201, 0.03463101244393752, 0.3964382997709336, 0.4304849018390063, 0.4366550350249881, 0.4917247453306092, 0.7142412995491114, 0.12381998284944151, 0.6974287731445636, 0.23323437136550393, 0.36014759054330886, 0.39298257642250406, 0.3616937060225864, 0.2502765247994999, 0.495933326373602, 0.24114518866900542, 0.02065099946572868, 0.4097636958343561, 0.06395526612098112, 0.33991151162721633, 0.3646306770970944, 0.3966793588890533, 0.4113040074879466, 0.37316973209072324, 0.1965691748318948, 0.17229947691753816, 0.05537432042119794, 0.17376496633166702, 0.11509597872771161, 0.0976435082436947, 0.18252287389129787, 0.14145805436014808, 0.23121490457610153, 0.19507457159101085, 0.2244630279637972, 0.7963914745173317, 0.3863734232296723, 0.3914295125349341, 0.22120465082498017, 0.9518744768327362, 0.18252287389129787, 0.18176576705873684, 0.1822447069467509, 0.18274171648035478, 0.18175696096919328, 0.554687808661419, 0.17985295605589455, 0.9249669119531921, 0.18320058627120664, 0.18937586450110638, 0.1865669271186082, 0.18252287389129787, 0.455444149450027, 0.5249704422542643, 0.18736744538844818, 0.25364252425682277, 0.6223844285660048, 0.18320058627120664, 0.1830901379622147, 0.8298973686033432, 0.18318167172719807, 0.9521426972954208, 0.18218164309467064, 0.1794512032620041], "weight_decay": [6.273927602293595e-05, 0.00015316508243748712, 0.003077201812975576, 2.0004484210638855e-06, 0.002156917714305619, 0.00225522225239458, 1.1269711680133682e-05, 4.411959206764395e-06, 0.0033416968092919025, 0.0031546135121845167, 0.010721473524365836, 0.0041471567750277554, 0.00381624299908997, 0.0038742894491035312, 0.004524092098784065, 0.0031472277912144736, 0.002803467656620179, 0.004444152017421491, 0.004996762655561272, 0.003234970134429085, 0.0026386028169337306, 1.479835849638607e-05, 0.0986813387889167, 0.01737965482009739, 0.0001852308899805385, 0.011907771902138162, 0.004996762655561272, 0.0071734447742726, 0.006259909427888272, 0.004944433617358779, 0.05586811195314493, 0.006815624872755061, 0.006192888619289035, 0.05159020236469353, 0.0002680019658454027, 0.059001898775425186, 0.035439242714282164, 0.016848804757006747, 0.022896870160350996, 0.008471705661312048, 0.014261251857737677, 0.020652284968607115, 3.22101815287529e-05, 0.02506200657159823, 0.027825903924266687, 0.028019312084190583, 0.010492931858529049, 0.018226586223518634, 0.006972012742290013, 0.005872879994991169, 0.004712669557752861, 0.062493236210311644, 0.0069468170590965645, 0.006559247742584576, 0.0056237646916780445, 0.0007564074719136706, 0.009633514871501232, 0.009396288995052245, 0.009621849618526216, 0.011072894647015953, 0.01098369768311017, 2.724316743777189e-05, 0.0064930510662464845, 1.6983865991372076e-06, 0.011781734265367818, 0.010246808199220176, 0.010087839583823309, 0.010120475954571164, 0.0001019923684222037, 0.005662068440898617, 0.009909756547834405, 0.00017008952303355492, 0.003569784615949022, 0.010594156588182102, 0.01103075441775732, 0.06941159937254456, 0.011062947765008725, 3.163330708761546e-05, 0.012052602346992958, 0.010540307902212427],