{"lr": [0.00012620948285169316, 1.4557916623227765, 0.7776492451078378, 2.239034272168371, 7.8179288051723566, 0.9903593841281118, 0.020295362430434737, 0.7991823454611494, 1.8499581511221332, 0.5427121337012435, 1.7223192166476993, 0.008611663920008535, 0.000594751990087047, 1.572789173905795, 1.897334572545822, 0.010586266220391634, 7.584945924654875, 2.2669055164170127, 1.8499581511221332, 5.954501164153293, 3.1592415870122057, 6.579690002657603, 0.00031705487596673734, 0.0006493288113703829, 0.010862167264542127, 1.8531663725049488, 1.8697303598048778, 2.695957041872944, 0.540761406008698, 6.051253779005313, 1.8499581511221332, 6.1658660163579935, 0.20672405509021138, 2.493934385698747, 0.0025624212589796715, 2.067777650060684, 5.6879281718034695, 2.1411943057329474, 1.9877099723156537, 3.127942700026206, 3.1592415870122057, 3.239914684150594, 0.0022471886164168154, 3.2149773082301216, 3.306126630007756, 3.328492036802828, 3.312029898353819, 3.2985651932945257, 3.163466949360199, 3.1592415870122057, 3.16839990510334, 0.0015852631590727076, 3.1592415870122057, 3.200041470000034, 3.1580150106582465, 1.9436283314646323, 1.743972801335616, 1.831300724184442, 1.4337385836561163, 1.3014336277603995, 6.070099163343491, 0.03859602561972595, 1.685306658036968, 0.0063493285782526806, 3.1592415870122057, 3.1592415870122057, 5.243238201350421, 5.1515004228524806, 0.05759587539371156, 0.0035637245585603693, 5.7780335070208135, 2.0492395739671245, 0.5017502852824766, 3.163466949360199, 3.1592415870122057, 0.05092182602440237, 3.1657373298805727, 0.0007479283938585754, 3.1592415870122057, 3.1592415870122057], "epochs": [178, 223, 193, 177, 144, 205, 148, 271, 230, 200, 223, 189, 194, 289, 202, 194, 219, 243, 225, 225, 139, 237, 248, 70, 248, 121, 139, 53, 56, 242, 275, 256, 298, 224, 211, 105, 271, 83, 191, 95, 127, 119, 263, 161, 114, 184, 225, 227, 164, 148, 154, 235, 135, 123, 179, 154, 188, 142, 136, 135, 138, 96, 237, 221, 140, 137, 137, 162, 273, 97, 161, 120, 58, 207, 164, 166, 172, 279, 164, 159], "lr_peak_epoch": [153, 127, 57, 146, 131, 79, 17, 22, 104, 129, 15, 150, 55, 152, 44, 95, 179, 16, 58, 61, 110, 153, 213, 50, 188, 10, 19, 27, 40, 31, 163, 137, 141, 29, 194, 33, 96, 5, 13, 54, 118, 112, 167, 63, 2, 41, 96, 163, 27, 32, 26, 82, 78, 104, 4, 139, 71, 7, 58, 110, 80, 52, 219, 128, 53, 14, 9, 113, 156, 13, 122, 89, 4, 202, 132, 152, 119, 5, 101, 37], "batch_size": [4196, 4196, 4196, 4196, 4196, 4196, 4196, 4196, 4196, 4196, 4196, 4196, 4196, 4196, 4196, 4196, 4196, 4196, 4196, 4196, 4196, 4196, 4196, 4196, 4196, 4196, 4196, 4196, 4196, 4196, 4196, 4196, 4196, 4196, 4196, 4196, 4196, 4196, 4196, 4196, 4196, 4196, 4196, 4196, 4196, 4196, 4196, 4196, 4196, 4196, 4196, 4196, 4196, 4196, 4196, 4196, 4196, 4196, 4196, 4196, 4196, 4196, 4196, 4196, 4196, 4196, 4196, 4196, 4196, 4196, 4196, 4196, 4196, 4196, 4196, 4196, 4196, 4196, 4196, 4196], "momentum": [0.45615033221654855, 0.5684339488686485, 0.018789800436355142, 0.6176354970758771, 0.6120957227224214, 0.6169339968747569, 0.9437480785146242, 0.6818202991034834, 0.6169339968747569, 0.7384813379297938, 0.7404338065118423, 0.738509596769708, 0.7581301027543456, 0.7380166173555276, 0.03806567623726678, 0.7323817783557818, 0.49132807502989445, 0.1616414862225784, 0.6203096786865039, 0.3406609939689556, 0.12041737268984139, 0.5576223262466098, 0.7142412995491114, 0.12381998284944151, 0.6974287731445636, 0.0009576723500887732, 0.05046324769276185, 0.6081351092361514, 0.009843312958333558, 0.6169339968747569, 0.6130781723508701, 0.24989816163335035, 0.02065099946572868, 0.6197930487548103, 0.06395526612098112, 0.1214995381951478, 0.6192208086687138, 0.6609092780641219, 0.7255580329361073, 0.09813646037569951, 0.04649107387601886, 0.05076367417096731, 0.05537432042119794, 0.04515086814722483, 0.05267694205543496, 0.7304818659768754, 0.6170120974524161, 0.6216706425078867, 0.15648076299435426, 0.2416327356547343, 0.12943382191017694, 0.7963914745173317, 0.19823115971179672, 0.09813646037569951, 0.6143796162519632, 0.9518744768327362, 0.04362242993709457, 0.05015144885787501, 0.07790444348647807, 0.10007826920765006, 0.04695112390307924, 0.554687808661419, 0.6280267854896738, 0.9249669119531921, 0.11274296245857783, 0.01262105108075045, 0.02340366454098787, 0.010644342986112405, 0.455444149450027, 0.5249704422542643, 0.03586528461790277, 0.25364252425682277, 0.6223844285660048, 0.06070929145520239, 0.11600469733603072, 0.8298973686033432, 0.07389408076639872, 0.9521426972954208, 0.06394620482031041, 0.03707643543282678], "weight_decay": [6.273927602293595e-05, 0.00015316508243748712, 0.003077201812975576, 2.0004484210638855e-06, 0.002156917714305619, 0.00225522225239458, 1.1269711680133682e-05, 4.411959206764395e-06, 0.003194140821624392, 0.011446800217111038, 0.0033167145602698914, 0.030604787685992205, 0.0021729608403132797, 1.4943570933176029e-05, 0.0032714360511693825, 1.991780093558051e-05, 0.0021720195419207746, 0.002170879891534102, 0.0027066822876266297, 0.0007640258123993752, 0.003077201812975576, 4.891248658998955e-06, 0.0986813387889167, 0.01737965482009739, 0.0001852308899805385, 0.004636314029710757, 0.0034484926914667697, 0.01585956608813658, 0.012252531603668916, 0.006526255171839317, 0.0027066822876266297, 0.012815563663779696, 0.006192888619289035, 0.00472483283560055, 0.0002680019658454027, 0.0027136726747981257, 0.004936548112614489, 0.0026076968286885805, 0.0025198962437727223, 0.00315185805472938, 0.0028484170254993017, 0.0030762941881791925, 3.22101815287529e-05, 0.003314928512443248, 0.00315185805472938, 0.00290802067389011, 0.0028382069083575864, 0.0028521154017161865, 0.004018864580642999, 0.004031125724996025, 0.004424120319127441, 0.062493236210311644, 0.003077201812975576, 0.004420669012854216, 0.004558556260654447, 0.0007564074719136706, 0.002231443728267374, 0.003077201812975576, 0.003077201812975576, 0.0031042404407835575, 0.0022557852701580003, 2.724316743777189e-05, 0.0031133902952800445, 1.6983865991372076e-06, 0.0010060803869944882, 0.0011096529584980603, 0.004527514372525503, 0.004412153893324749, 0.0001019923684222037, 0.005662068440898617, 0.004307948165899421, 0.00017008952303355492, 0.003569784615949022, 0.0030709697181634577, 0.003077201812975576, 0.06941159937254456, 0.0028488983324905523, 3.163330708761546e-05, 0.002821827981830502, 0.0026371206459489013],