{"lr": [0.7713045737115942, 0.0018619467359340255, 0.20078077420011062, 0.10441888300067588, 0.0031172375975209864, 5.085760914437687, 0.0009875329151778662, 0.00013159950768760922, 0.020197594528106967, 0.023913640859842003, 0.019865645624533072, 0.02297865508299886, 0.02262695866159865, 0.01933871721551721, 0.23028738497519077, 0.22466120421224633, 0.35907498527951986, 0.35788715468804516, 0.35995709337872583, 0.3570234187900253, 0.35513196230424704, 0.6342769629062295, 0.35797824723985217, 0.3579781281429958], "epochs": [110, 155, 294, 85, 105, 58, 54, 70, 86, 89, 88, 86, 88, 87, 288, 288, 288, 288, 288, 288, 288, 54, 288, 288], "lr_peak_epoch": [19, 128, 263, 19, 13, 3, 24, 37, 60, 32, 43, 57, 27, 80, 109, 44, 165, 55, 164, 128, 176, 43, 176, 158], "batch_size": [4196, 4196, 4196, 4196, 4196, 4196, 4196, 4196, 4196, 4196, 4196, 4196, 4196, 4196, 4196, 4196, 4196, 4196, 4196, 4196, 4196, 4196, 4196, 4196], "momentum": [0.4331905834957315, 0.8349762818961509, 0.532524753904269, 0.9835453863044916, 0.2502637283677409, 0.6255188129877784, 0.2528444705940124, 0.1582448330814289, 0.999996628386432, 0.9999512121526997, 0.9998024399032437, 0.9996603679289658, 0.9995369286422627, 0.9993063526157235, 0.745096630579193, 0.7444756224923141, 0.7631673794026174, 0.7624144030906823, 0.7625187195745279, 0.7639789267232193, 0.7637119943487162, 0.3124948297796334, 0.7628428371880874, 0.7631930978083253], "weight_decay": [0.09819521168799934, 6.305136261076199e-05, 0.008069008424934753, 6.5775377485968265e-06, 0.00035039749562003293, 2.1793555010580046e-05, 3.530586622845995e-05, 0.0012739817890476117, 1.0012773108875977e-06, 1.0662183847316483e-06, 1.0094944964987745e-06, 1.0008407802817246e-06, 1.0061239868898337e-06, 1.004192472046294e-06, 0.0009078872029707402, 0.0009039481529219307, 0.0009131873312344154, 0.0009128636150099124, 0.0009019846408130748, 0.000915657600247799, 0.0009130637212690093, 6.9071870681671406e-06, 0.0009108245153236525, 0.0009078872029707402], "label_smoothing": [0.16807867906180218, 0.42988325688536266, 0.1137971763781902, 0.2529020769365657, 0.24176570993095692, 0.01870705019271557, 0.3502686030526787, 0.44804127433095264, 0.3834136645166511, 0.3599353902393291, 0.36506139785308417, 0.3809374370218346, 0.3644083809081104, 0.3693883240107854, 0.11474814046624339, 0.11596729245325009, 0.09308890206790733, 0.09317073781371751, 0.09306535624535733, 0.0931084735234256, 0.09297376840401453, 0.46781915726365236, 0.09340101161518297, 0.09342592608007808], "num_workers": [8, 8, 8, 8, 8, 8, 8, 8, 8, 8, 8, 8, 8, 8, 8, 8, 8, 8, 8, 8, 8, 8, 8, 8], "lr_tta": [true, true, true, true, true, true, true, true, true, true, true, true, true, true, true, true, true, true, true, true, true, true, true, true], "time": [79.4119975566864, 99.36750388145447, 179.5214650630951, 57.32092070579529, 68.85643196105957, 41.62296676635742, 39.68254733085632, 48.883711099624634, 58.68831515312195, 60.21070885658264, 59.738304138183594, 58.45666217803955, 59.455179929733276, 58.340466022491455, 174.60074496269226, 175.7965202331543, 176.80447363853455, 175.14425373077393, 174.97823023796082, 174.5785629749298, 174.60261821746826, 39.2234673500061, 175.61138224601746, 176.06650590896606], "train": [0.98, 20.36, 27.48, 82.42, 13.66, 1.07, 1.72, 0.17, 18.91, 17.06, 20.66, 20.06, 21.98, 23.3, 99.53, 99.56, 99.66, 99.68, 99.73, 99.7, 99.66, 43.18, 99.7, 99.65], "test": [1.0, 20.43, 28.49, 44.12, 13.99, 1.0, 1.73, 0.17, 19.24, 17.72, 20.86, 20.5, 21.0, 22.88, 49.7, 49.06, 49.55, 49.57, 49.49, 49.54, 49.39, 38.3, 49.47, 49.31]}