{"lr": [0.0003175048795839203, 0.1531337100284003, 0.04761617196072429, 0.09642909876250698, 0.11687449912122025, 0.0113321497251327, 0.00014814078285693732, 0.08577877329924342, 0.05637001421545599, 0.05639704102200876, 0.056483595701423264, 0.05612560227162728, 0.05667226523470488, 0.0566527212036519, 0.05624115626427269, 0.05615819570333028, 0.09663684337549641, 0.09501643130770014, 0.09614100076575573, 0.09488684702052963, 0.09350680931377507, 0.09535590437253588, 0.09587596665660747, 0.0947959263089629, 0.04371203710238977, 0.04378780239673627, 0.04382409514651249], "epochs": [256, 211, 86, 183, 115, 272, 161, 255, 175, 175, 174, 175, 174, 174, 175, 174, 42, 42, 42, 42, 42, 42, 42, 42, 268, 268, 268], "lr_peak_epoch": [78, 114, 43, 22, 45, 145, 18, 57, 97, 0, 85, 154, 15, 102, 44, 47, 41, 31, 6, 1, 27, 5, 24, 28, 85, 133, 131], "batch_size": [4196, 4196, 4196, 4196, 4196, 4196, 4196, 4196, 4196, 4196, 4196, 4196, 4196, 4196, 4196, 4196, 4196, 4196, 4196, 4196, 4196, 4196, 4196, 4196, 4196, 4196, 4196], "momentum": [0.11890850037888168, 0.9980284422292044, 0.8427630009162034, 0.1128827881988218, 0.816728883438531, 0.7681774899341594, 0.882259584161629, 0.08051693812645488, 0.5875982412339059, 0.5882563159942287, 0.5871158663954558, 0.5878858813994774, 0.5872385793764173, 0.5857789017450904, 0.5886058813319744, 0.5867297634527427, 0.00014909265687117158, 0.00028951942201250124, 0.0003071820741253157, 6.713290425678069e-06, 9.086952567468644e-05, 9.975056789863836e-05, 0.000777208593699604, 9.774998885487987e-05, 0.9437818380626716, 0.9435807183403578, 0.9436698642226097], "weight_decay": [0.0014451950944706876, 1.9029361853950514e-06, 0.002337156946915638, 2.3959656807872083e-06, 0.00011153733167033741, 0.0013910547049887508, 0.0038762398699176658, 9.38959784971672e-06, 0.0002809365555009666, 0.00028110187743460367, 0.0002810803708013139, 0.000280086739331899, 0.0002807937995931281, 0.00027851420651401194, 0.00028306684368675604, 0.00027758136701237654, 5.6757448908934025e-05, 5.5683565734669596e-05, 5.707346607536317e-05, 5.625905055476515e-05, 5.620396642960678e-05, 5.650924626088523e-05, 5.645874980166307e-05, 5.671515132999301e-05, 0.0003704052428109245, 0.0003711457092135467, 0.00036994292637085736], "label_smoothing": [0.4749174775768491, 0.33368408057147325, 0.40124407413092417, 0.12735925122485048, 0.10238956238476038, 0.43393817134753687, 0.11895988585943146, 0.24192246606925227, 0.12992733743480334, 0.12953619220956217, 0.12853606754798066, 0.12981566075186607, 0.12972242095045014, 0.13001804818763377, 0.12984678754119208, 0.1298174697366156, 3.2148721599586634e-05, 3.519390252296282e-05, 2.156636077832013e-05, 0.00011790071918830439, 3.349844937847678e-05, 0.00018199269375028223, 2.9273256061231154e-05, 6.822081413600237e-05, 0.12238105516433632, 0.12200074778667357, 0.12228795361778273], "num_workers": [8, 8, 8, 8, 8, 8, 8, 8, 8, 8, 8, 8, 8, 8, 8, 8, 8, 8, 8, 8, 8, 8, 8, 8, 8, 8, 8], "lr_tta": [true, true, true, true, true, true, true, true, true, true, true, true, true, true, true, true, true, true, true, true, true, true, true, true, true, true, true], "time": [164.3987057209015, 131.7741973400116, 58.34059000015259, 115.28817915916443, 75.29068422317505, 166.88607573509216, 102.39426946640015, 157.3661642074585, 110.07127451896667, 110.54001450538635, 110.18408942222595, 110.3969247341156, 110.3746657371521, 110.02750730514526, 110.16929769515991, 109.8188419342041, 32.7940354347229, 33.16740703582764, 32.79573702812195, 33.11202955245972, 32.99002265930176, 32.94480347633362, 32.933183431625366, 32.936460733413696, 164.6350872516632, 164.40306305885315, 164.48647117614746], "train": [1.06, 0.93, 44.32, 63.63, 97.68, 48.28, 6.39, 65.22, 74.04, 80.71, 74.22, 69.24, 78.03, 73.07, 76.64, 75.82, 26.55, 28.36, 29.63, 26.15, 28.79, 28.36, 28.97, 29.04, 99.94, 99.93, 99.93], "test": [1.06, 1.01, 42.27, 42.98, 47.23, 44.05, 6.49, 44.78, 47.79, 46.23, 47.53, 48.58, 46.14, 47.79, 47.35, 47.16, 26.24, 27.39, 28.12, 25.85, 27.97, 27.58, 28.01, 28.04, 50.36, 49.62, 49.55]}