{"lr": [0.9035209518047697, 0.0751536849378093, 0.053054125272937534, 0.0005664623487868913, 0.0001455679747016445, 0.9745950084373669, 0.024541146383906535, 0.004910424773383372, 0.002797097388918536, 1.8319356148139987, 0.0029341420015797136, 0.002927018832685627, 0.002833941118498231, 0.0028397097154369425, 0.0029022658591926357, 0.0026662913646373254, 0.00010004293242318447, 0.00010017068672009939, 0.00010028285341404436, 0.00010001321821163804, 0.00010037622833144311, 0.00010102952664907268, 0.0001001355060996092, 0.00010059217402466557, 0.0017685949853632763, 0.0017581544813929952, 0.0017508408500097254, 0.001750022202259854, 0.004381745639363549, 0.001764643809350616, 0.0017450476224738372, 0.0017794333219886258, 0.027660947663602532, 0.027647027377079893, 0.027633280008928854, 0.027621853062806588, 0.027605592640447308, 0.07703661938922578, 0.027606956728279407, 0.027582624528604827, 0.0025819673004812155, 0.0025869830259541552, 0.0025857928049557092, 0.0025953702054719867, 0.002604116255652645, 0.0026101157877801606, 0.0025937096476943908, 0.0025683571998756176, 0.00024031341038024932, 0.019892319585786366, 0.019895076103036157, 0.019815985352104604, 0.019843055247337475, 0.019732986414100238, 0.020032532487146856, 0.019910348300131706, 0.0007880721989865314, 0.0410606079050171, 0.041035758929587454, 0.04126948592296218, 0.04104923190424032, 0.041336148749067166, 3.1079251664356797, 0.040934014401945384, 0.03751265534806489, 0.03715543992915797, 0.039176614877336965, 0.035627113706142736, 0.03955827023222966, 0.03516777034856927, 0.039620744871274524, 0.039849418326345074, 0.026065002723052805, 0.025969373356368775, 0.026047631779399012, 0.02588325470738431, 0.025937250614702784, 0.026001899799190785, 0.025940923366609064, 0.026092038951284844], "epochs": [55, 49, 298, 123, 105, 163, 295, 260, 300, 182, 300, 300, 300, 300, 300, 300, 300, 300, 300, 300, 300, 300, 300, 300, 290, 290, 290, 290, 247, 290, 290, 290, 266, 266, 266, 266, 266, 292, 266, 266, 300, 300, 300, 300, 300, 300, 300, 300, 72, 300, 300, 300, 300, 300, 300, 300, 287, 268, 268, 268, 268, 268, 116, 268, 189, 190, 187, 195, 186, 196, 187, 186, 300, 300, 300, 300, 300, 300, 300, 300], "lr_peak_epoch": [48, 7, 34, 16, 37, 18, 208, 45, 191, 9, 287, 19, 51, 54, 35, 283, 37, 193, 150, 285, 136, 176, 252, 68, 229, 249, 23, 63, 182, 177, 225, 4, 165, 199, 111, 22, 189, 265, 202, 33, 5, 126, 115, 0, 124, 156, 193, 112, 44, 278, 79, 299, 42, 156, 255, 114, 277, 209, 79, 141, 110, 211, 100, 223, 142, 9, 2, 61, 32, 86, 106, 90, 194, 64, 49, 234, 176, 256, 60, 220], "batch_size": [4196, 4196, 4196, 4196, 4196, 4196, 4196, 4196, 4196, 4196, 4196, 4196, 4196, 4196, 4196, 4196, 4196, 4196, 4196, 4196, 4196, 4196, 4196, 4196, 4196, 4196, 4196, 4196, 4196, 4196, 4196, 4196, 4196, 4196, 4196, 4196, 4196, 4196, 4196, 4196, 4196, 4196, 4196, 4196, 4196, 4196, 4196, 4196, 4196, 4196, 4196, 4196, 4196, 4196, 4196, 4196, 4196, 4196, 4196, 4196, 4196, 4196, 4196, 4196, 4196, 4196, 4196, 4196, 4196, 4196, 4196, 4196, 4196, 4196, 4196, 4196, 4196, 4196, 4196, 4196], "momentum": [0.513595579303077, 0.41838775449315535, 0.9686904787301831, 0.8515106851639067, 0.388039450029913, 0.7615961328960476, 0.4642696224417785, 0.7563675231197255, 0.9660286194350234, 0.17631509003980605, 0.963613133344625, 0.9648351940757189, 0.9697278335884182, 0.9648949588231067, 0.9680687600914016, 0.9629448496717723, 0.5973924792894368, 0.5982782838316173, 0.600805138440965, 0.5987549475703524, 0.5996900260326514, 0.5983525395932558, 0.597992404917837, 0.5986124036260991, 0.6051229345266271, 0.6093101895285478, 0.6111600252330754, 0.6118532791413118, 0.39738575180464497, 0.6063009870146212, 0.6129354953812771, 0.6000785871414314, 0.9358540467312557, 0.9348836345399303, 0.9353577038903084, 0.9349026070771771, 0.9381752277860597, 0.3545762727001862, 0.9342137160848183, 0.9353105480550641, 0.999993947762304, 0.999859327156503, 0.999873503531223, 0.9998968182363017, 0.9997595775613362, 0.9999074705378351, 0.9995377034801386, 0.9995523532508962, 0.8659209744361368, 0.9999183240224779, 0.9997963256870982, 0.9999791424414242, 0.9998865878761384, 0.9998078580484168, 0.9998058119847135, 0.9995323575630225, 0.46652741976954426, 0.4704833751469631, 0.47153711699625656, 0.4717140009262798, 0.4702628489809813, 0.4714344304226342, 0.9223226831341383, 0.47052216377772454, 0.754589177168984, 0.7555830614812259, 0.7514033201940515, 0.7586444104886058, 0.7506856988600371, 0.7586050235873226, 0.7475203225446968, 0.7480713747360397, 0.9999492252613729, 0.9998384973603666, 0.9998010857111853, 0.9999781044489991, 0.9998174620883384, 0.9995669360359554, 0.9996058471623904, 0.9995057372537446], "weight_decay": [1.053902404286811e-06, 8.802676809349145e-05, 3.177118402843259e-06, 0.01328935502466156, 0.03315905827224111, 1.3116260913602294e-05, 0.0016700350934677668, 0.0010370242650694958, 0.0001273921497908631, 2.4321409728378704e-05, 0.00012831587342178384, 0.00011955196191444723, 0.00012622509927000069, 0.00011232748446655723, 0.00013601596064716567, 0.0001326190420397257, 0.0001381091474898806, 0.00013684364354158487, 0.00013852885968875488, 0.00013565745914196083, 0.00013663380228695455, 0.00013654443133342216, 0.00013648528163495447, 0.0001345594682537634, 0.0005051914863679472, 0.0005006223167737558, 0.0004999218851046761, 0.0005074702690155674, 3.1306103131752644e-05, 0.0004954181001099861, 0.0005022934414307397, 0.0004914369651415692, 9.612197312909754e-06, 9.648172045757696e-06, 9.436914149054662e-06, 9.810345831182514e-06, 9.819339477879064e-06, 5.048718759065794e-05, 9.81125035858187e-06, 9.647522613765343e-06, 2.989075958374142e-06, 3.0279002813435704e-06, 3.001405541687958e-06, 2.998367803002759e-06, 3.0453219895792332e-06, 3.0040495263960157e-06, 2.9625369662385398e-06, 2.983162490463561e-06, 0.001637227455666088, 0.0004188095040440279, 0.00041708823366394315, 0.00041999187379283, 0.0004236891805750276, 0.00042188251842607507, 0.0004168572480869322, 0.00041834826468688615, 0.00021822492205253184, 3.043231504742796e-05, 3.0253605055924366e-05, 3.0101455003066273e-05, 2.984600503055663e-05, 3.036527314756595e-05, 0.06239572686389177, 3.046661837937285e-05, 1.0020507907982973e-06, 1.0015970979438156e-06, 1.0001522223361534e-06, 1.0042538867509966e-06, 1.0042256562644796e-06, 1.0008449485300338e-06, 1.0014254854403539e-06, 1.0013769583620627e-06, 2.8324204042390922e-05, 2.935051830430894e-05, 2.8506050687981523e-05, 2.965200036203961e-05, 2.708160737205485e-05, 2.947641540144684e-05, 2.812780622337356e-05, 2.9220836347218177e-05],