{"lr": [0.1, 0.1, 0.1, 0.1, 0.1, 0.0089, 0.0089, 0.0089, 0.01], "epochs": [300, 300, 300, 300, 300, 300, 300, 1000, 1000], "lr_peak_epoch": [10, 10, 10, 10, 10, 10, 10, 10, 10], "batch_size": [512, 512, 512, 512, 512, 512, 4196, 4196, 4196], "momentum": [0.9, 0.9, 0.9, 0.9, 0.9, 0.9, 0.9, 0.9, 0.9], "weight_decay": [0.0005, 0.0005, 0.0005, 0.0005, 0.0005, 0.0005, 0.0005, 0.0005, 0.0005], "label_smoothing": [0.3437404848076403, 0.3437404848076403, 0.3437404848076403, 0.3437404848076403, 0.3437404848076403, 0.3437404848076403, 0.3437404848076403, 0.3437404848076403, 0.1], "num_workers": [8, 8, 8, 8, 8, 8, 8, 8, 8], "lr_tta": [false, false, false, false, false, false, false, false, false], "time": [361.95467948913574, 359.4324884414673, 361.32717299461365, 360.67564272880554, 365.44921374320984, 415.38798666000366, 222.01590538024902, 718.8099570274353, 723.21732878685], "train": [99.93, 99.96, 99.78, 99.73, 99.83, 47.65, 50.02, 45.43, 75.66], "test": [46.98, 51.47, 50.47, 51.21, 44.49, 44.89, 41.56, 43.55, 39.5]}