{"lr": [0.00012620948285169316, 1.4557916623227765, 0.7776492451078378, 2.239034272168371, 7.8179288051723566, 0.9903593841281118, 0.020295362430434737, 0.7991823454611494, 1.2307338062578912, 1.246244305841639, 1.221299725911546, 1.2154996118968184, 1.2339975615130536, 1.23017912870145, 1.239677781807611, 1.2393784167598985, 1.143213087388168, 1.1522733931766636, 1.1496491105405278, 1.1446764756943542, 1.129354557095995, 1.1183888701633915, 0.00031705487596673734, 1.001598187513649, 0.0006493288113703829, 0.290343535281905, 0.288135994029177, 0.29103388698259475, 0.2914725968707933, 0.291256933344422, 0.28978690118843997, 0.29102435182840536, 1.0462801643429833, 1.0405267191233392, 1.0564032162033261, 1.0394008207104117, 1.0616757038122095, 1.7358679379694997, 1.716817884974558, 1.7297827974229543, 1.659951636685239, 1.6370391094622962, 0.004631543636419785, 1.672423588869047, 1.6214937018942375, 1.1018956983198438, 1.0010700975422946, 1.1119121208954414, 1.6099705435985567, 1.614179609542027, 1.606076846450519, 0.0024433207803201277, 1.6057633485162326, 1.6170220207114587, 1.6193837850798989, 1.6126937645513029, 1.0816110080703383, 1.0917542186723415, 1.5249809678284847, 1.5244573920867206, 1.5258579643419992, 1.5155699894854442, 1.5134936690905447, 1.527095034157303, 0.5874418286638897, 0.5857873120602405, 0.5881995659431034, 0.5887845579190253, 0.5804684892334121, 0.5816391031441396, 0.5889318822299491, 0.5877297404397194, 9.965313008586207, 9.967277970071315, 9.94789907961044, 9.802051457243683, 9.996790422072689, 0.4963761931551465, 0.49281015987315147, 0.49373011344975154], "epochs": [178, 223, 193, 177, 144, 205, 148, 271, 49, 51, 49, 48, 50, 49, 50, 50, 56, 56, 57, 55, 55, 214, 248, 251, 70, 238, 238, 238, 238, 238, 238, 238, 40, 41, 40, 41, 40, 184, 184, 184, 184, 184, 275, 184, 184, 47, 214, 206, 92, 92, 92, 175, 92, 92, 92, 92, 44, 44, 184, 184, 184, 184, 184, 184, 181, 181, 181, 181, 181, 181, 180, 181, 30, 30, 30, 30, 30, 229, 229, 230], "lr_peak_epoch": [64, 85, 7, 26, 34, 48, 80, 113, 21, 0, 1, 33, 36, 23, 16, 8, 55, 38, 12, 14, 54, 210, 172, 21, 24, 32, 1, 40, 92, 215, 166, 61, 2, 8, 21, 11, 24, 158, 28, 103, 175, 104, 98, 134, 95, 24, 18, 197, 64, 17, 75, 149, 34, 81, 44, 55, 15, 5, 155, 141, 87, 107, 107, 69, 177, 50, 30, 115, 76, 36, 39, 18, 16, 23, 6, 6, 28, 176, 150, 85], "batch_size": [4196, 4196, 4196, 4196, 4196, 4196, 4196, 4196, 4196, 4196, 4196, 4196, 4196, 4196, 4196, 4196, 4196, 4196, 4196, 4196, 4196, 4196, 4196, 4196, 4196, 4196, 4196, 4196, 4196, 4196, 4196, 4196, 4196, 4196, 4196, 4196, 4196, 4196, 4196, 4196, 4196, 4196, 4196, 4196, 4196, 4196, 4196, 4196, 4196, 4196, 4196, 4196, 4196, 4196, 4196, 4196, 4196, 4196, 4196, 4196, 4196, 4196, 4196, 4196, 4196, 4196, 4196, 4196, 4196, 4196, 4196, 4196, 4196, 4196, 4196, 4196, 4196, 4196, 4196, 4196], "momentum": [0.45615033221654855, 0.5684339488686485, 0.018789800436355142, 0.6176354970758771, 0.6120957227224214, 0.6169339968747569, 0.9437480785146242, 0.6818202991034834, 0.6153436083780665, 0.6162930211804734, 0.613284184705187, 0.6132013664875552, 0.6170998414056457, 0.6142454476258731, 0.6185506790860443, 0.6136428673184119, 0.622327420420243, 0.6221950347156054, 0.6215159530232176, 0.6231127008444184, 0.6224536684876467, 0.6150554152169587, 0.7142412995491114, 0.616069136986559, 0.12381998284944151, 0.5676375727476545, 0.5673558612212407, 0.5674010883497314, 0.5665528679427383, 0.5673708579422488, 0.568374779102804, 0.5685635663529678, 0.620966812643909, 0.6205959839904233, 0.6217318221493318, 0.6200295934957377, 0.6219969104288129, 0.6181691983018376, 0.6182560521249476, 0.6183671762629853, 0.6248304313825691, 0.6248176892744874, 0.40724117141380733, 0.6246353637136423, 0.6247506874643073, 0.6185384541908662, 0.6153073498378734, 0.6153424650561176, 0.7239388270057062, 0.7236444188086429, 0.7211078954152317, 0.39267567654709434, 0.7232151976277797, 0.7243925540551155, 0.7236569809130345, 0.7222064626799425, 0.6274030441564242, 0.6261488444303807, 0.6122513830707441, 0.612502569211589, 0.6124492831873509, 0.6114933333779162, 0.6124814191857776, 0.6110677704678766, 0.5132992363230949, 0.5117120286214535, 0.5120199560246016, 0.512593388294152, 0.5131198146420354, 0.5126215496640453, 0.5131243013248201, 0.512672982989889, 0.9997569252436187, 0.999522074202101, 0.9992945355923053, 0.9999714338927136, 0.998231503612045, 0.5500106120421431, 0.5500467965012412, 0.5508954117873346], "weight_decay": [6.273927602293595e-05, 0.00015316508243748712, 0.003077201812975576, 2.0004484210638855e-06, 0.002156917714305619, 0.00225522225239458, 1.1269711680133682e-05, 4.411959206764395e-06, 1.0055309636465448e-06, 1.0018811937636542e-06, 1.000777142369417e-06, 1.0085852295182567e-06, 1.0028149205721507e-06, 1.0120535255391552e-06, 1.000606109188438e-06, 1.0140389423173995e-06, 1.2439919876225511e-06, 1.2571615044799995e-06, 1.2688765258213157e-06, 1.2530034507631988e-06, 1.246340654848362e-06, 0.0019446871288138373, 0.0986813387889167, 0.0017346729079856392, 0.01737965482009739, 0.06462867478083562, 0.06459531259995012, 0.06490313150967071, 0.06353134861107956, 0.06527237960248321, 0.06440278915830393, 0.06595349350228377, 4.412510114125423e-06, 4.6347126232511686e-06, 4.403671095602626e-06, 4.463513615542124e-06, 4.416193331819989e-06, 0.0005096127766067685, 0.0005249957475423028, 0.0005306659251842644, 0.0019125605561894216, 0.001749756889355721, 1.449341443318764e-05, 0.0019469733083704592, 0.00194757153335866, 1.0034619305739554e-06, 0.0021915515306982023, 0.0022907016141345818, 0.09990892200830458, 0.09982164037191033, 0.09994746817708279, 0.06053807596312874, 0.09991395385275534, 0.09974444824391838, 0.09952216229258597, 0.09940869493839509, 2.0572423264208233e-06, 2.0988402761360785e-06, 0.0009003844778315987, 0.0008894310628449316, 0.000870783505451012, 0.0009429662326811257, 0.0008763571395731892, 0.0009345682874416278, 0.0018251340913830395, 0.0018231796485852713, 0.0018349662522027643, 0.0018168720032880115, 0.0018290161740368534, 0.0018409638821844, 0.0018171605622662851, 0.0018434809383538757, 7.80721288808656e-06, 7.882518539429685e-06, 7.867810080283367e-06, 7.927699144855723e-06, 7.81994465915819e-06, 0.0016223337674739957, 0.001632633040418887, 0.001618300788545859], "label_smoothing": [0.48183138025051464, 0.19172075941288885, 0.3958625190413323, 0.26444745987645224, 0.28402228054696615, 0.4627983191463305, 0.03551802909894347, 0.043564649850770354, 0.4999863580278816, 0.4999764770504373, 0.49995006189388874, 0.4999845100253312, 0.49989666057718496, 0.4998678893689477, 0.4997740307058839, 0.4998230534789229, 0.499716937011386, 0.49993270275541124, 0.4999845100253312, 0.4994899113891072, 0.49999567051828103, 0.44204680132316543, 0.35194429177018316, 0.430877619352458, 0.4340630286841071, 0.49998466658989144, 0.4999845100253312, 0.4998979335061322, 0.4999021131721121, 0.49985669439776886, 0.4998509066040673, 0.49984272289029813, 0.49973876874836304, 0.4999764770504373, 0.4999863580278816, 0.4995573106550908, 0.4998955079762646, 0.3919030705171639, 0.391021730223229, 0.39128882284275424, 0.37352245209456786, 0.3715153162047578, 0.3870236663493194, 0.37344372088857125, 0.37309077865516643, 0.4992423670623256, 0.4554113236278162, 0.46352897568764323, 0.2691852126884672, 0.26917254831204485, 0.2697366113024755, 0.34069625530191894, 0.27041349171687434, 0.2676112623104684, 0.2671349366250232, 0.2684656215632547, 0.49997576506033803, 0.4999845100253312, 0.4057589890304074, 0.40697472975452426, 0.406622155744021, 0.40681711993370967, 0.40731997285290544, 0.407113722090645, 0.3260056789438743, 0.3259615914648047, 0.32639635182680576, 0.32534361369027387, 0.326246472654904, 0.3266536241310957, 0.32451311945263045, 0.3271573629520149, 0.1286337027603891, 0.12908045024601728, 0.12968077806669565, 0.12939069091812944, 0.12828105608818466, 0.11424561822150459, 0.11569495474406005, 0.11364509683406557],