{"lr": [0.5748164333074777, 3.1317913881112047, 1.48151326247988, 0.006275332505443327, 0.4997565831660901, 0.009510814530867231, 2.94589555893615, 0.02562285688336408, 5.369464411902977, 2.6412077797153937, 4.989634930293936, 1.2068353923454072, 2.005512438740867, 2.675621354894994, 1.4088193148716313, 2.275961426276149, 2.005512438740867, 1.8504158842526197, 2.2009462770154196, 2.154415398766133, 1.6331966158571847, 1.9619091864404654, 1.1670817186718767, 0.04079961917372879, 0.00035399641086037397, 1.827245154207927, 1.7667021173984399, 1.894751658105272, 1.4079316080322137, 0.36874913142256394, 1.6691542037658826, 0.07303664960703748, 0.0009917267462471275, 0.412879904262406, 0.01281624816146175, 0.3166632336765584, 0.5867390446226854, 0.6332916524092275, 0.6143357832894871, 0.4449157528254149, 3.0945723327874, 0.782939483643041, 0.0019757630689947476, 8.144949702034806, 0.8131006888972687, 4.221560193718441, 7.226693622713602, 1.7249731691017642, 1.062483082349636, 2.154415398766133, 0.7445075326981562, 0.1993890227346247, 0.7206327234937189, 1.0423838467350262, 0.952448851101046, 1.0515772515128523, 1.3969036594538047, 1.393283306884263, 1.387911246926752, 1.3631807777957508, 1.3343208914592668, 0.007274653715553263, 1.1233864186111022, 2.2312938363371697, 2.142894972830124, 2.121250968461408, 1.9817918643802763, 1.5937649680780481, 0.018532921256279793, 0.0004343109044490081, 0.9338106008764449, 0.00014798832773279264, 8.610953794521796, 1.4079316080322137, 1.062483082349636, 0.012485620781120062, 1.0327664172524196, 0.009706721188793751, 1.0371790144781436, 0.6789415068988224], "epochs": [39, 112, 126, 46, 272, 32, 49, 278, 30, 41, 114, 272, 208, 205, 122, 218, 212, 270, 280, 137, 290, 183, 263, 181, 299, 137, 123, 139, 290, 169, 99, 209, 242, 293, 158, 297, 73, 109, 207, 184, 291, 290, 93, 290, 291, 291, 101, 291, 285, 72, 117, 69, 117, 174, 206, 171, 109, 275, 269, 134, 165, 102, 274, 136, 299, 287, 299, 72, 199, 259, 53, 86, 50, 298, 294, 287, 298, 167, 291, 239], "lr_peak_epoch": [18, 103, 92, 32, 121, 4, 30, 220, 22, 7, 78, 254, 34, 198, 18, 29, 78, 259, 28, 64, 106, 56, 3, 58, 205, 68, 81, 75, 219, 38, 48, 96, 189, 161, 31, 7, 58, 9, 150, 114, 58, 170, 59, 83, 120, 48, 55, 65, 280, 8, 59, 1, 97, 135, 75, 37, 57, 56, 96, 18, 35, 6, 49, 75, 37, 279, 202, 25, 77, 2, 24, 27, 39, 284, 26, 72, 170, 100, 72, 121], "batch_size": [4196, 4196, 4196, 4196, 4196, 4196, 4196, 4196, 4196, 4196, 4196, 4196, 4196, 4196, 4196, 4196, 4196, 4196, 4196, 4196, 4196, 4196, 4196, 4196, 4196, 4196, 4196, 4196, 4196, 4196, 4196, 4196, 4196, 4196, 4196, 4196, 4196, 4196, 4196, 4196, 4196, 4196, 4196, 4196, 4196, 4196, 4196, 4196, 4196, 4196, 4196, 4196, 4196, 4196, 4196, 4196, 4196, 4196, 4196, 4196, 4196, 4196, 4196, 4196, 4196, 4196, 4196, 4196, 4196, 4196, 4196, 4196, 4196, 4196, 4196, 4196, 4196, 4196, 4196, 4196], "momentum": [0.7950354511642638, 0.3739451777134073, 0.2987525835844309, 0.5664932020839359, 0.9313239988157729, 0.5176060885433332, 0.7049943069238792, 0.20125084422874007, 0.7955409028970636, 0.7950354511642638, 0.3660346698030026, 0.7499228813850878, 0.8430058946804223, 0.3694955475740688, 0.9451243518987931, 0.35944895552772926, 0.8786846171409012, 0.8561425460484118, 0.8447476058401513, 0.9113544655727006, 0.9565614721344492, 0.4778979155929372, 0.4659610829284131, 0.5908690359995179, 0.7786429349096415, 0.9521882444162897, 0.9913791088126416, 0.4678819648451962, 0.9859995024363191, 0.9909099530347906, 0.8462581991001559, 0.46041781434840184, 0.045067368926862805, 0.9315110814402661, 0.27641285151371997, 0.9528429933549428, 0.9254094763539638, 0.9267586298672515, 0.9940633938566861, 0.9342619111988163, 0.9982067822160211, 0.9954954358471503, 0.07687232102800967, 0.9886286060771521, 0.9798339291986317, 0.9979118054755725, 0.9933540692418841, 0.9620531744584778, 0.9881864066708875, 0.9281286048000446, 0.9967929258711413, 0.2503583535439451, 0.9960404614625779, 0.9862431964995619, 0.9818877980220492, 0.7755726941600692, 0.9267586298672515, 0.9859995024363191, 0.9856876062144128, 0.925841455886022, 0.9862779689459232, 0.17475528772681725, 0.9107444549890934, 0.941060019264904, 0.9859995024363191, 0.9860776321787637, 0.9861353070494022, 0.9862301305195591, 0.9326309291587807, 0.21449596479415622, 0.8931167969931164, 0.6382549449916182, 0.821948495526512, 0.9859995024363191, 0.9896935744449112, 0.8432459876636109, 0.9861348838023501, 0.8729148841571678, 0.985984287824722, 0.9858550078368048], "weight_decay": [1.6825946782327483e-06, 0.05073121636884323, 0.0007511932468512974, 3.834847689359687e-06, 3.17790004161234e-06, 0.00029037864740214333, 2.482861983848142e-06, 0.011197758293025559, 2.9111494170378276e-06, 1.6825946782327483e-06, 0.00022857196548276376, 2.077044375059388e-06, 0.0003191697478094203, 0.0006751083797727895, 3.127368812174859e-05, 0.0004752739791155287, 0.00022272143764173483, 0.0002719565989107304, 0.006501231033385199, 0.00031771789733727704, 3.4291987041799688e-06, 0.00011753855768997311, 1.5090700817154019e-05, 0.0072222131984110965, 0.0007455953523897523, 0.0017735578287164187, 0.00031771789733727704, 0.0012479293266202608, 0.00015610791254952884, 0.00018816238974703376, 0.00015235616179875243, 0.0002994889456682784, 0.000444691611521736, 0.0004401967437017418, 0.00024849197206886815, 0.0006615331971840955, 0.0010357371396851524, 0.0010251800508678157, 0.0011359745138979675, 0.0011031431220427598, 5.149830881099132e-05, 2.716864180736897e-05, 1.0635632029453065e-05, 5.597852692326188e-06, 0.0003957408788927145, 2.987384318925441e-05, 5.962173845870329e-05, 2.0896297680154074e-06, 0.00015722916148103842, 0.0010032100327241158, 0.0008750639779575096, 0.0011997893974959946, 0.0004805777711928756, 0.00015668630868939765, 0.00015765412608671636, 0.054379968036500206, 0.00225166331984226, 0.00013464392614409107, 0.00010433914548497244, 0.0055805947430897646, 0.00045905378527737097, 0.002876580207784996, 0.0028648632794654413, 0.05805414585309758, 9.872617871677095e-05, 0.00014298580685699397, 0.0023561262596721796, 0.0008537815087422305, 7.275028740938221e-06, 0.00034684018754599296, 0.0010251800508678157, 2.0814999128591942e-06, 0.019798642454489705, 0.0001547824985290273, 0.000155365679371124, 0.00023166436677006923, 0.00019603147495118355, 0.01138440104654524, 2.412331230310991e-05, 8.937187150251162e-05],