{"lr": [0.00012620948285169316, 1.4557916623227765, 0.7776492451078378, 2.239034272168371, 7.8179288051723566, 0.9903593841281118, 0.020295362430434737, 0.7991823454611494, 3.415265846552613, 0.6316294579286831, 0.00017244754006295223, 0.00012922571980764815, 0.2454079461398472, 0.7432694218718499, 0.006976311326833805, 0.0003023375152147211, 0.8798887648944025, 0.9903593841281118, 0.836908250204001, 0.7868837529348597, 0.942106147767603, 0.978827205563961, 0.00031705487596673734, 0.0006493288113703829, 0.010862167264542127, 2.9230510049983085, 1.6357125157435237, 3.9056059982414757, 5.3088129883380875, 0.7113572314913913, 0.7006306068547429, 1.0227410777195194, 0.20672405509021138, 3.1940576985629217, 0.0025624212589796715, 2.9230510049983085, 2.4056265769262355, 2.8702686499425702, 2.639151060556182, 2.690401569349971, 3.0500126861237273, 3.0313828958638758, 0.0022471886164168154, 3.022051858062192, 3.045469557234035, 1.9146402582077549, 3.0421876174530347, 3.0282910031846177, 2.0783301622632524, 2.8730816383581366, 1.9325358354889375, 0.0015852631590727076, 2.2442263977622257, 2.7896813714794595, 2.8961351545469873, 1.9436283314646323, 6.088508923857233, 6.8188982102314535, 6.083187550861439, 4.61323752239861, 6.017610114512629, 0.03859602561972595, 2.2442263977622257, 0.0063493285782526806, 2.8715406545241557, 2.9230510049983085, 2.9158469239927074, 2.947922135460761, 0.05759587539371156, 0.0035637245585603693, 2.872354711490345, 2.0492395739671245, 0.5017502852824766, 2.5384187868398183, 2.100431722087132, 0.05092182602440237, 2.9230510049983085, 0.0007479283938585754, 2.365978166318581, 2.09839540569173], "epochs": [178, 223, 193, 177, 144, 205, 148, 271, 205, 175, 133, 41, 121, 139, 128, 57, 215, 235, 274, 130, 138, 137, 248, 70, 248, 122, 55, 126, 135, 139, 110, 183, 298, 74, 211, 122, 116, 115, 36, 64, 86, 71, 263, 62, 50, 77, 73, 89, 122, 116, 123, 235, 120, 119, 111, 154, 122, 123, 123, 122, 122, 96, 120, 221, 121, 121, 121, 121, 273, 97, 121, 120, 58, 122, 122, 166, 122, 279, 122, 123], "lr_peak_epoch": [33, 156, 139, 45, 116, 41, 134, 89, 60, 3, 105, 23, 60, 15, 99, 40, 43, 160, 146, 67, 111, 123, 104, 44, 79, 93, 18, 4, 45, 112, 44, 70, 26, 33, 99, 93, 40, 100, 31, 21, 1, 31, 23, 21, 7, 56, 60, 18, 49, 8, 31, 93, 97, 2, 12, 137, 31, 89, 0, 121, 2, 26, 46, 122, 5, 30, 116, 31, 58, 56, 91, 38, 56, 4, 34, 75, 112, 95, 2, 96], "batch_size": [4196, 4196, 4196, 4196, 4196, 4196, 4196, 4196, 4196, 4196, 4196, 4196, 4196, 4196, 4196, 4196, 4196, 4196, 4196, 4196, 4196, 4196, 4196, 4196, 4196, 4196, 4196, 4196, 4196, 4196, 4196, 4196, 4196, 4196, 4196, 4196, 4196, 4196, 4196, 4196, 4196, 4196, 4196, 4196, 4196, 4196, 4196, 4196, 4196, 4196, 4196, 4196, 4196, 4196, 4196, 4196, 4196, 4196, 4196, 4196, 4196, 4196, 4196, 4196, 4196, 4196, 4196, 4196, 4196, 4196, 4196, 4196, 4196, 4196, 4196, 4196, 4196, 4196, 4196, 4196], "momentum": [0.45615033221654855, 0.5684339488686485, 0.018789800436355142, 0.6176354970758771, 0.6120957227224214, 0.6169339968747569, 0.9437480785146242, 0.6818202991034834, 0.6018115766048532, 0.09459239819437604, 0.708958158926375, 0.26368344583531694, 0.44606101729833014, 0.5879005379156647, 0.41426299451466997, 0.2653894909394454, 0.6109061403685169, 0.636269620483423, 0.47752246214438004, 0.6086830938713745, 0.6975434761682685, 0.6484218278380406, 0.7142412995491114, 0.12381998284944151, 0.6974287731445636, 0.6169339968747569, 0.6168758199375304, 0.6167493884171681, 0.6086830938713745, 0.620647966804578, 0.6183141399797704, 0.6092302354136347, 0.02065099946572868, 0.6752680612921964, 0.06395526612098112, 0.7400543486180037, 0.720658387294701, 0.7034871159336241, 0.634778830037148, 0.7118424840284947, 0.6187154840273571, 0.6169339968747569, 0.05537432042119794, 0.6180773602206119, 0.6188562593568205, 0.622381850270971, 0.619748965888578, 0.6212752026982168, 0.5770286842620647, 0.5772816766843751, 0.5924359181887748, 0.7963914745173317, 0.602148502418575, 0.5701521117446174, 0.5861072903401494, 0.9518744768327362, 0.6244980919646339, 0.6209367899088925, 0.6192465057106734, 0.6222972273351112, 0.025781775696738417, 0.554687808661419, 0.6098781497206931, 0.9249669119531921, 0.7516524962726601, 0.6236354380011211, 0.6715003126757825, 0.6132204942445033, 0.455444149450027, 0.5249704422542643, 0.630603385309051, 0.25364252425682277, 0.6223844285660048, 0.579353008186383, 0.5758321520617924, 0.8298973686033432, 0.5817209318290514, 0.9521426972954208, 0.6000028264826743, 0.5994388133967596], "weight_decay": [6.273927602293595e-05, 0.00015316508243748712, 0.003077201812975576, 2.0004484210638855e-06, 0.002156917714305619, 0.00225522225239458, 1.1269711680133682e-05, 4.411959206764395e-06, 0.003318281450245099, 0.0024892912492965936, 0.003560297532506253, 0.00381624299908997, 0.0028589195746127256, 0.002437292415199492, 0.04430788173937543, 0.00381624299908997, 0.002398129529346937, 0.00225522225239458, 0.0023815159121268158, 0.002404048788120777, 0.002437292415199492, 0.002373549784462372, 0.0986813387889167, 0.01737965482009739, 0.0001852308899805385, 0.00225522225239458, 0.002251971183467234, 0.0022462206183139744, 0.0022293998841318263, 0.0015778211531405403, 0.0015875647966145084, 0.002222602000101346, 0.006192888619289035, 0.0062857606308182965, 0.0002680019658454027, 0.00315473323195317, 0.0063289560625345775, 0.003137977079659998, 0.002746810772094275, 0.00396926310439463, 0.0024411847717711616, 0.00225522225239458, 3.22101815287529e-05, 0.0023311615532742806, 0.002251971183467234, 0.002404048788120777, 0.0022462206183139744, 0.002452519984989157, 0.00225522225239458, 0.00225522225239458, 0.0024411847717711616, 0.062493236210311644, 0.0022728241309541717, 0.0024583979011503013, 0.002452519984989157, 0.0007564074719136706, 0.00225522225239458, 0.0022554274524421085, 0.0022600070608049983, 0.00225522225239458, 0.002256828451786068, 2.724316743777189e-05, 0.002011412971315463, 1.6983865991372076e-06, 0.0022246372911326473, 0.002463596959332368, 0.0024588462066498515, 0.002429422759845511, 0.0001019923684222037, 0.005662068440898617, 0.002426180578794732, 0.00017008952303355492, 0.003569784615949022, 0.0024411847717711616, 0.0024331782031631194, 0.06941159937254456, 0.0017661469459831695, 3.163330708761546e-05, 0.0024347181217798347, 0.002452519984989157], "label_smoothing": [0.48183138025051464, 0.19172075941288885, 0.3958625190413323, 0.26444745987645224, 0.28402228054696615, 0.4627983191463305, 0.03551802909894347, 0.043564649850770354, 0.46663029913189474, 0.48429037435011907, 0.16531309407030167, 0.05518757058215257, 0.22039996192062583, 0.2131696591872388, 0.12664580126989106, 0.05518757058215257, 0.46663029913189474, 0.47902240513681127, 0.414700819102631, 0.3393621368152058, 0.2608980884001043, 0.3206635825719149, 0.35194429177018316, 0.4340630286841071, 0.28455036930729666, 0.47231766508651624, 0.3192847013403503, 0.31521856530795117, 0.34262694517456777, 0.3239719134545115, 0.4331767794894716, 0.44295073937595314, 0.10844849219923697, 0.48623524335257423, 0.3925764560115689, 0.4773666068269438, 0.4842330797347982, 0.47142212599245387, 0.38707419208761384, 0.4018173000646245, 0.4745053534482345, 0.47231237684650557, 0.36352213135566414, 0.4714626904850478, 0.4721946458812502, 0.4735238157266072, 0.31521856530795117, 0.23343522293355212, 0.4936941331739449, 0.49979530707440806, 0.48584621333360417, 0.31803052772357066, 0.4851062316346507, 0.27892651748861963, 0.21668911990827186, 0.29549208266184246, 0.47658706747309565, 0.47656711659133977, 0.4779808872892712, 0.47717101895670944, 0.47746555083238085, 0.33292955877959385, 0.49177548681205235, 0.207428434666782, 0.47243347369322825, 0.47231766508651624, 0.4724067876606621, 0.4738686447289941, 0.20336667291787414, 0.2529331919126542, 0.4747862275543397, 0.4620793833103818, 0.17423799451674854, 0.472622740035803, 0.4730207870867914, 0.4611739908983165, 0.47231766508651624, 0.01801690871428474, 0.4750349953159176, 0.2141660420261785],