{"lr": [0.5, 0.5, 0.1, 0.1, 0.1, 0.1, 0.001, 0.1066763422647491, 0.29640190562047064, 0.24923089635837822], "epochs": [5, 5, 300, 300, 100, 100, 300, 348, 181, 415], "lr_peak_epoch": [5, 5, 5, 5, 5, 5, 5, 10, 5, 6], "batch_size": [512, 512, 128, 128, 128, 64, 128, 148, 402, 264], "momentum": [0.9, 0.9, 0.9, 0.9, 0.9, 0.9, 0.5, 0.9639779631048441, 0.18682547453790904, 0.6126999759115279], "weight_decay": [0.0005, 0.0005, 0.0005, 0.0005, 0.0005, 0.0005, 0.0005, 0.00397460907464847, 0.0008030356685630978, 0.0023610565462149685], "label_smoothing": [0.1, 0.1, 0.1, 0.1, 0.1, 0.5, 0.1, 0.06267886203713714, 0.3437404848076403, 0.1620023235306144], "num_workers": [8, 8, 8, 8, 8, 8, 8, 9, 8, 8], "lr_tta": [true, true, true, true, true, true, true, true, false, false], "time": [11.149722814559937, 11.327641010284424, 912.9010987281799, 1090.9623742103577, 368.6660544872284, 605.8361401557922, 895.2761051654816, 1065.324392080307, 230.50627303123474, 727.9800708293915], "train": [27.68, 35.8, 99.95, 99.97, 99.92, 99.07, 95.35, 63.63, 99.93, 99.85], "test": [27.65, 34.73, 61.57, 61.81, 62.52, 63.85, 44.75, 65.74, 85.81, 87.84]}