{"lr": [0.08063385714195452, 0.16512624277864932, 0.3845379264259668, 0.002295563551043515, 0.016217399223137863, 0.003999847447801969, 0.0001029247156315065, 0.00038460520548299737, 0.11728188807356087, 0.3845379264259668, 0.3691635554195233, 7.40331176046917, 0.29191840062256225, 0.4230097809384045, 0.1313845986540956, 0.10699597696629748, 7.979229642520036, 7.7643826028087615, 8.063133645614748, 8.25246001891698, 7.498109683703553, 7.637565228889989, 0.005590972886227577, 0.001403936259433399, 0.014567649017699672, 9.908068430065713, 9.901950093944063, 8.25246001891698, 9.183910874110635, 9.560348609155252, 9.974146757332301, 8.880466482699694, 0.00030051720124335676, 7.416992014534396, 1.3496883688994905, 7.364451595107379, 7.498109683703553, 7.417842815361684, 5.739144114359763, 8.563757036022146, 8.189005189039891, 8.125320121240202, 0.001415638199306451, 8.13358644246861, 8.118856883478134, 7.5568983119165045, 8.34754177821144, 7.717709658926443, 2.6068873249308093, 9.391150683369606, 8.8324322611724, 0.013734984471186453, 7.637565228889989, 8.234975412271542, 2.6621637178369766, 0.005720952685757254, 7.547131031934511, 7.988260113693421, 9.76970328431694, 7.8798541393088675, 8.2924597985316, 0.002776827714728802, 7.5568983119165045, 0.3194964906129234, 9.846659117922023, 9.434244116914172, 9.896508122032802, 8.793669283927754, 0.010902027621186876, 0.0021501872444905034, 6.492595028222756, 0.0001251811969919832, 0.019226977799206055, 9.896508122032802, 8.594336961014239, 0.0003116427399243574, 9.966680643088962, 0.48618591516349174, 9.970519118940274, 9.816306227402947], "epochs": [296, 154, 172, 176, 269, 47, 227, 80, 172, 189, 33, 296, 148, 121, 142, 118, 259, 169, 240, 132, 118, 191, 73, 177, 59, 284, 264, 128, 168, 170, 131, 106, 254, 107, 182, 189, 130, 49, 213, 283, 132, 129, 172, 129, 133, 133, 133, 246, 130, 218, 235, 37, 193, 129, 130, 248, 182, 164, 216, 225, 155, 116, 136, 222, 111, 121, 120, 219, 44, 193, 203, 196, 147, 200, 173, 39, 201, 132, 195, 197], "lr_peak_epoch": [84, 127, 123, 63, 84, 36, 212, 16, 69, 48, 23, 118, 39, 70, 102, 93, 15, 67, 227, 42, 56, 76, 18, 112, 18, 147, 64, 125, 163, 101, 80, 92, 233, 2, 120, 92, 62, 5, 68, 226, 127, 70, 58, 64, 7, 63, 58, 160, 13, 197, 83, 33, 161, 112, 106, 197, 130, 140, 22, 28, 143, 1, 39, 90, 105, 92, 15, 100, 4, 55, 155, 85, 85, 10, 147, 20, 55, 111, 163, 122], "batch_size": [4196, 4196, 4196, 4196, 4196, 4196, 4196, 4196, 4196, 4196, 4196, 4196, 4196, 4196, 4196, 4196, 4196, 4196, 4196, 4196, 4196, 4196, 4196, 4196, 4196, 4196, 4196, 4196, 4196, 4196, 4196, 4196, 4196, 4196, 4196, 4196, 4196, 4196, 4196, 4196, 4196, 4196, 4196, 4196, 4196, 4196, 4196, 4196, 4196, 4196, 4196, 4196, 4196, 4196, 4196, 4196, 4196, 4196, 4196, 4196, 4196, 4196, 4196, 4196, 4196, 4196, 4196, 4196, 4196, 4196, 4196, 4196, 4196, 4196, 4196, 4196, 4196, 4196, 4196, 4196], "momentum": [0.6336133763337031, 0.33307400540395005, 0.5045364044638408, 0.3374221701074569, 0.20739713146901417, 0.42576895278157745, 0.5037908152605168, 0.8091291434927598, 0.008747402615960482, 0.1051681248037922, 0.2586946341076185, 0.05339971885353998, 0.9695200025151577, 0.1196372535441023, 0.23602804744300943, 0.6135858721820389, 0.04304496189513522, 0.009463919723070972, 0.34772523572202185, 0.05233986607570183, 0.03823947148999889, 0.6011303614330712, 0.33908560752320493, 0.48769778541833764, 0.002198852041010335, 0.042071588225320714, 0.052676967132975046, 0.04875282539983225, 0.05888790691067273, 0.06055968695054476, 0.04554934297211342, 0.0451741989797796, 0.5697587345886712, 0.05233986607570183, 0.7290027519231356, 0.5696365345873233, 0.17793917575555138, 0.17986272237167938, 0.06961278694813958, 0.0067177667773742275, 0.05233986607570183, 0.07222252407427981, 0.21244078681922518, 0.16470937016002585, 0.22717683956219595, 0.6339296942747958, 0.1945317068567034, 0.5389275191599825, 0.6339296942747958, 0.6309762957207626, 0.6990444083345675, 0.00585341335742251, 0.6379034854876187, 0.05762856667756905, 0.21721370534294612, 0.6461682766508065, 0.7052798492036259, 0.7110444289609753, 0.692133575468271, 0.6819800169623785, 0.7053010683310073, 0.627630699131089, 0.7231827719383774, 0.5725712480988219, 0.8382317844738694, 0.6902419437388239, 0.7141126858903699, 0.6945825138469485, 0.6247323375453571, 0.8304151761745145, 0.7371735066286642, 0.5218290520716589, 0.5150684491992841, 0.8181436954507793, 0.7777924381748207, 0.6700301867638073, 0.9052777541012536, 0.21709074185655952, 0.8749948856720824, 0.7577106576324172], "weight_decay": [0.00029104058567144993, 2.2629385827881125e-05, 3.7078055351259108e-06, 0.08914721513847393, 0.0016373528606916713, 1.3605732996185098e-06, 1.8565699551146625e-06, 2.576598214263523e-05, 3.5471627282389383e-06, 1.7923870243707835e-06, 2.830590221395224e-06, 3.5937746667085448e-06, 1.9317251765739727e-06, 4.2556155752997055e-06, 4.48766211567293e-06, 6.453729200247601e-05, 1.180328894492177e-06, 2.1857294591845124e-05, 0.05191086178192724, 8.716976384447083e-06, 1.968861371557974e-06, 5.483982614362981e-06, 3.4336120382207472e-06, 0.0026473239142680662, 0.010338511925728709, 1.1862859832807254e-06, 1.2630930180601405e-06, 1.1816239001315395e-05, 1.132899795172716e-06, 1.125456429808176e-06, 1.364331943605067e-06, 1.132125117060781e-05, 0.015330507022716088, 6.99633191554312e-06, 3.9789584069547685e-05, 1.2064424300569509e-06, 8.637296307584286e-06, 7.778083853757887e-06, 8.522793895681161e-06, 8.70355568709971e-06, 2.3708754042450533e-05, 1.6683594160867353e-05, 0.016610254343401288, 1.061312031873786e-06, 1.497064119394678e-05, 1.0566028720636744e-06, 1.1202590030996515e-06, 1.0617939133536909e-06, 1.0566028720636744e-06, 1.0293533515035864e-06, 1.0617939133536909e-06, 0.0072859191214403015, 1.1471484420531955e-06, 0.00020138181093818638, 1.0104793891417594e-06, 0.0012969813027544554, 1.007957998050138e-06, 1.0399810228092694e-06, 1.0285275429508402e-06, 1.0617939133536909e-06, 0.00020684139249849685, 2.6483695943329114e-06, 1.263575324983243e-06, 1.9079206535716984e-05, 1.1445538933610753e-06, 1.5961139745265175e-06, 0.0001844113491382453, 0.0042161187657523864, 0.01665526625687438, 5.217120065427166e-05, 6.2280317315906856e-06, 0.0008842740282071627, 0.06092369136377228, 0.0002242532752735232, 0.00022692055662511756, 0.0014161856276170286, 0.0003462690614525153, 0.01396261214844933, 0.0002989212770966072, 0.0003735786215277575],