{"lr": [0.00012620948285169316, 1.4557916623227765, 0.7776492451078378, 2.239034272168371, 7.8179288051723566, 0.9903593841281118, 0.020295362430434737, 0.7991823454611494, 7.897387756204113, 8.49004744984108, 0.0008449135048827828, 6.957036242847969, 0.00017906965951166491, 0.0001770825002531953, 2.6549911218727162, 0.0003023375152147211, 1.7395401947155076, 1.9312210377312693, 2.562576323719955, 9.570196966870622, 1.9206558087296255, 2.497139119504266, 0.00031705487596673734, 0.0006493288113703829, 0.010862167264542127, 2.6988650839858606, 2.594342583294696, 0.836822219599261, 7.223273609732122, 0.34692894255379936, 0.6605139324418589, 4.988025424932818, 0.20672405509021138, 2.494947035563345, 0.0025624212589796715, 2.3817474538054566, 2.497139119504266, 2.249250533486229, 0.34692894255379936, 2.4555430312638817, 2.2786820624694473, 2.254767227441544, 0.0022471886164168154, 2.3817474538054566, 2.2865742207449435, 2.322767678515267, 2.357777715478585, 2.3483490354927885, 2.3035036398792714, 2.456108386117816, 2.2984423657537123, 0.0015852631590727076, 2.3483490354927885, 2.4276201978935217, 2.3817474538054566, 1.9436283314646323, 2.0113614611263637, 0.28471216216132517, 2.808991091331837, 2.301323616566179, 2.6108849140249655, 0.03859602561972595, 2.2811014435502903, 0.0063493285782526806, 0.39666459091588496, 0.2803850011695349, 0.3255387065853003, 2.3780327388547735, 0.05759587539371156, 0.0035637245585603693, 0.20958588179889384, 2.0492395739671245, 0.5017502852824766, 0.52467010640949, 1.5971154718320115, 0.05092182602440237, 0.5640646668007187, 0.0007479283938585754, 1.9436283314646323, 0.9545212986603865], "epochs": [178, 223, 193, 177, 144, 205, 148, 271, 205, 165, 121, 145, 166, 52, 233, 57, 254, 284, 234, 135, 237, 233, 248, 70, 248, 233, 233, 231, 233, 261, 234, 278, 298, 233, 211, 233, 233, 273, 244, 234, 256, 267, 263, 246, 271, 238, 234, 285, 232, 232, 232, 235, 233, 233, 232, 154, 171, 159, 211, 275, 264, 96, 286, 221, 161, 159, 86, 217, 273, 97, 161, 120, 58, 141, 139, 166, 153, 279, 154, 156], "lr_peak_epoch": [30, 69, 15, 175, 35, 132, 94, 253, 152, 95, 38, 7, 65, 25, 225, 3, 215, 243, 136, 79, 216, 60, 120, 24, 71, 149, 23, 25, 52, 121, 130, 157, 294, 67, 78, 85, 231, 236, 196, 75, 95, 162, 45, 143, 67, 219, 159, 151, 33, 12, 153, 21, 29, 135, 120, 119, 109, 16, 175, 123, 66, 66, 35, 46, 11, 54, 62, 187, 259, 29, 158, 27, 41, 20, 125, 123, 103, 13, 29, 88], "batch_size": [4196, 4196, 4196, 4196, 4196, 4196, 4196, 4196, 4196, 4196, 4196, 4196, 4196, 4196, 4196, 4196, 4196, 4196, 4196, 4196, 4196, 4196, 4196, 4196, 4196, 4196, 4196, 4196, 4196, 4196, 4196, 4196, 4196, 4196, 4196, 4196, 4196, 4196, 4196, 4196, 4196, 4196, 4196, 4196, 4196, 4196, 4196, 4196, 4196, 4196, 4196, 4196, 4196, 4196, 4196, 4196, 4196, 4196, 4196, 4196, 4196, 4196, 4196, 4196, 4196, 4196, 4196, 4196, 4196, 4196, 4196, 4196, 4196, 4196, 4196, 4196, 4196, 4196, 4196, 4196], "momentum": [0.45615033221654855, 0.5684339488686485, 0.018789800436355142, 0.6176354970758771, 0.6120957227224214, 0.6169339968747569, 0.9437480785146242, 0.6818202991034834, 0.59401694213009, 0.07938066199173885, 0.3095354323181834, 0.5025673749076509, 0.5248164914388527, 0.31263034632243214, 0.559093506450137, 0.2653894909394454, 0.5027798987130836, 0.49664433624531507, 0.3145506102839334, 0.5064964488373409, 0.5365583488340178, 0.550659882088172, 0.7142412995491114, 0.12381998284944151, 0.6974287731445636, 0.5648553136382058, 0.5624647121630251, 0.5843820159767948, 0.2885666983003787, 0.5486282612528928, 0.2692951993351773, 0.35630073112536487, 0.02065099946572868, 0.5500068426406265, 0.06395526612098112, 0.5502825879735935, 0.550659882088172, 0.5893661493529382, 0.5572515741201388, 0.5960226103965958, 0.7022481112642325, 0.548914759385971, 0.05537432042119794, 0.5611595610537298, 0.550557741123322, 0.5460352738203368, 0.5433855257738124, 0.5552782761647906, 0.628084241906748, 0.622024679850332, 0.5909180134985539, 0.7963914745173317, 0.6144662440093648, 0.6253185012995901, 0.6163308486647938, 0.9518744768327362, 0.9748397855237234, 0.9635425914145316, 0.9940793988545882, 0.310167586507932, 0.2571031773445508, 0.554687808661419, 0.28791937056526823, 0.9249669119531921, 0.9436984044536013, 0.8717007498329632, 0.8884447137022887, 0.946134849171296, 0.455444149450027, 0.5249704422542643, 0.986264824558932, 0.25364252425682277, 0.6223844285660048, 0.9498362849110052, 0.9718035257594506, 0.8298973686033432, 0.9791328168366775, 0.9521426972954208, 0.9613055594461325, 0.9562797659795468], "weight_decay": [6.273927602293595e-05, 0.00015316508243748712, 0.003077201812975576, 2.0004484210638855e-06, 0.002156917714305619, 0.00225522225239458, 1.1269711680133682e-05, 4.411959206764395e-06, 0.00225522225239458, 0.0022869552432016496, 0.0027113947118893576, 0.0022566043088757363, 0.0022529849221392807, 0.0022071692504465074, 0.0022135743115966207, 0.00381624299908997, 0.0022135743115966207, 0.00218825704430498, 0.0022101481130443355, 0.002229298882996993, 0.002215492364318471, 0.0022348697695569616, 0.0986813387889167, 0.01737965482009739, 0.0001852308899805385, 0.009472051145235007, 0.0027119936794595466, 0.0025755293379705127, 0.008249477801026679, 0.0057546651670864184, 0.0029256417587394386, 0.00881244926619727, 0.006192888619289035, 0.002215492364318471, 0.0002680019658454027, 0.0022135743115966207, 0.0022348697695569616, 0.002376500553566702, 0.005319645309959646, 0.0023593878301470727, 0.0032980499228608437, 0.0022159664602169928, 3.22101815287529e-05, 0.0022135743115966207, 0.002208302160147475, 0.002539304522645434, 0.0035004956034417277, 0.00303621472672974, 0.005851985701782661, 0.0059527406437662, 0.005899269043106446, 0.062493236210311644, 0.0011424493407902968, 0.0015564970611649962, 0.0017554583284943575, 0.0007564074719136706, 0.0007564074719136706, 0.0008611062296978545, 0.000735510930389482, 0.0008051990227459755, 0.0006129681405496853, 2.724316743777189e-05, 0.0007319446836313646, 1.6983865991372076e-06, 0.001655492379798886, 0.0018751754612518717, 0.0007597538490812368, 0.0022335389688370767, 0.0001019923684222037, 0.005662068440898617, 0.0007151040498079576, 0.00017008952303355492, 0.003569784615949022, 0.0010765459639545895, 0.0010978715968247407, 0.06941159937254456, 0.0010912899617588887, 3.163330708761546e-05, 0.001339231693813996, 0.003331046366230721],