{"lr": [0.01011006629268429, 0.003094057020918197, 0.0008502925559209882, 0.005431132260511605, 0.016211721676125494, 1.5927666447865436, 0.13691512457797644, 0.00019271588036105547, 0.007016691003590911, 0.007014760490344019, 0.007030444537878486, 0.006996687295059854, 0.007023408148199779, 0.006976387093121986, 0.0011996219902403057, 0.0002543022937720423, 0.010494800453727802, 0.010476168302961348, 0.010477393330624439, 0.01050132153062021, 0.010342334975283266, 0.010414522353573997, 0.010577917267305894, 0.010633859165154419, 0.007016691003590911, 0.007023408148199779, 0.0069855079839739095, 0.006996687295059854, 0.006960033529083584, 0.007025367154165424, 0.01011006629268429, 0.1888656921781074, 0.006976387093121986, 0.006977385631542545, 0.006973432707432271, 0.0069855079839739095, 0.006989906757581422, 0.006992793797549032, 0.006955378139041199, 0.18855756144571875, 0.007092238300050756, 0.007106498800745331, 0.18921563144838316, 0.19008159509427427, 0.00696708002055366, 0.19050520475535157, 0.006965421448451065, 0.006961126504670294, 0.006993803121510748, 0.00698723409415273, 0.006986263392271811, 0.007028257733286886, 0.00704161889582736, 0.0007320519178959509, 0.006977948366230239, 0.006991375242198036, 0.006995646115221776, 0.006993203035194657, 0.0069911440991716955, 0.006991375242198036, 0.00019625546540462198, 0.0070205296131663235, 0.007023154225317836, 0.006977948366230239, 0.006977948366230239, 0.0069911440991716955, 0.00696988727443207, 0.006998880763436707, 0.007011446491991101, 0.0003800953215953702, 0.006943964692627624, 0.0069256586659936035, 0.0068725262163580455, 0.007055859661354451, 0.007037792773788818, 0.0069567570801471815, 0.007068945932860127, 0.007004448743112524, 0.0068204216769567425, 6.709889191317915], "epochs": [119, 97, 141, 118, 225, 192, 31, 45, 129, 129, 130, 129, 129, 129, 165, 50, 181, 180, 180, 181, 181, 181, 180, 179, 128, 128, 129, 129, 129, 128, 119, 94, 131, 131, 131, 131, 131, 131, 131, 103, 128, 128, 100, 99, 132, 100, 132, 132, 166, 164, 165, 173, 172, 100, 163, 167, 222, 223, 226, 225, 274, 218, 218, 238, 184, 181, 184, 176, 293, 57, 194, 196, 168, 300, 300, 97, 300, 300, 247, 202], "lr_peak_epoch": [12, 77, 94, 27, 142, 118, 7, 21, 111, 88, 22, 116, 102, 117, 25, 23, 93, 174, 89, 30, 180, 26, 134, 165, 19, 124, 40, 97, 112, 95, 63, 45, 114, 99, 129, 73, 25, 2, 50, 74, 65, 20, 71, 70, 111, 5, 26, 108, 140, 6, 160, 20, 171, 94, 89, 117, 30, 210, 67, 11, 241, 43, 94, 114, 168, 86, 107, 55, 288, 53, 15, 171, 20, 62, 88, 19, 285, 65, 132, 76], "batch_size": [4196, 4196, 4196, 4196, 4196, 4196, 4196, 4196, 4196, 4196, 4196, 4196, 4196, 4196, 4196, 4196, 4196, 4196, 4196, 4196, 4196, 4196, 4196, 4196, 4196, 4196, 4196, 4196, 4196, 4196, 4196, 4196, 4196, 4196, 4196, 4196, 4196, 4196, 4196, 4196, 4196, 4196, 4196, 4196, 4196, 4196, 4196, 4196, 4196, 4196, 4196, 4196, 4196, 4196, 4196, 4196, 4196, 4196, 4196, 4196, 4196, 4196, 4196, 4196, 4196, 4196, 4196, 4196, 4196, 4196, 4196, 4196, 4196, 4196, 4196, 4196, 4196, 4196, 4196, 4196], "momentum": [0.8118229180117742, 0.552558026661171, 0.5262002729117681, 0.8007499792957844, 0.9156837279526496, 0.5632528034378866, 0.7400430575550428, 0.36302629289247224, 0.8654095472166216, 0.8658921913067045, 0.8641042329292549, 0.8646930821367961, 0.8662715901372308, 0.8657401323950208, 0.09104502423167593, 0.9804032325194733, 0.9998890571436991, 0.9998688422300298, 0.9996150750944417, 0.9999623081807288, 0.9999434878564747, 0.9996506710028908, 0.9997721852480993, 0.9999721038210599, 0.8550289430228524, 0.8547382043200747, 0.854863541161667, 0.8531332030978511, 0.8547720061914965, 0.8537478033239456, 0.7977541187467052, 0.3302787198520143, 0.9990357247285558, 0.9999513687328424, 0.9992980860369064, 0.9996924062835011, 0.9998480976481393, 0.9999860340746058, 0.999373665021036, 0.33162123377812447, 0.8645026011628802, 0.8594330772886963, 0.215677897471136, 0.3692460452848051, 0.9995429318592816, 0.32910010955767344, 0.9991818771115011, 0.9997872878352707, 0.8702867042838999, 0.8720243722205298, 0.8637468430162842, 0.8683179771256275, 0.8663182260525811, 0.6264953456074696, 0.8880211642499388, 0.8959147120764808, 0.9097764042132681, 0.9085072465367638, 0.9076482027937552, 0.9060740889990176, 0.9004708388563102, 0.9108980315227898, 0.91165514839374, 0.9048013726988907, 0.8380540835806718, 0.8341958219276624, 0.8363888184857089, 0.8403975358703341, 0.842181682034312, 0.30550385588464346, 0.9066338660326255, 0.9076588237460839, 0.9707068825772465, 0.7673154717555072, 0.7660561906342401, 0.9999104165887265, 0.7620872518279297, 0.7593023115008251, 0.8940101663708733, 0.12670752994540602], "weight_decay": [8.330952309348698e-05, 0.00015676402300027564, 0.00034340004094844857, 1.900580348639653e-05, 0.009652797481775686, 1.2772766213317648e-06, 0.0978912665702535, 3.5624262516024704e-06, 1.1595314514771452e-05, 1.165457560866689e-05, 1.1526939336555345e-05, 1.183923643947361e-05, 1.15353437868535e-05, 1.1845024842468944e-05, 0.017522460605986685, 1.8990467234926936e-05, 1.002661559849862e-06, 1.0030151012798396e-06, 1.000766518994878e-06, 1.0073383971958555e-06, 1.0012117434367852e-06, 1.002210072922308e-06, 1.0032339753989435e-06, 1.0023685214426842e-06, 9.97869805144943e-06, 9.859706842131772e-06, 9.627948746857467e-06, 1.0175401817535628e-05, 1.020061229965161e-05, 9.921112943213942e-06, 0.00035620389281169196, 9.123558934755942e-06, 0.02269082870841251, 0.025535832844966765, 0.025438322157823257, 0.032134441105933456, 0.02981954447720718, 0.03463835487621624, 0.030740175829691, 9.089120351226198e-06, 8.219739725137674e-06, 7.439465898496587e-06, 3.65916798215608e-05, 2.0823878560265608e-05, 2.1929909263898515e-05, 9.115890795024465e-06, 2.1700642109089795e-05, 2.219091952141843e-05, 1.543812448055149e-05, 1.600175285418535e-05, 1.4874747520272156e-05, 1.5017953934476521e-05, 1.4729530779514515e-05, 1.1874520319351039e-06, 1.4108761895257873e-05, 1.45310864787388e-05, 1.0044525825704365e-06, 1.0067487954771602e-06, 1.0006452501689075e-06, 1.0040659851557812e-06, 0.031461243743014664, 1.001840727425419e-06, 1.0025030764463435e-06, 1.0018890081730148e-06, 1.0002635998574783e-06, 1.0006452501689075e-06, 1.0025030764463435e-06, 1.0008996960682376e-06, 1.0015447743579388e-06, 1.551114256038614e-05, 1.0014333245004985e-06, 1.0093899779529034e-06, 1.0005325102787935e-06, 1.0008906562542526e-06, 2.770095992114386e-06, 1.0006452501689075e-06, 1.0094644760506864e-06, 3.459453039464401e-05, 1.0001713166536336e-06, 0.00023096339631918257],