{"lr": [0.00012620948285169316, 1.4557916623227765, 0.7776492451078378, 2.239034272168371, 7.8179288051723566, 0.9903593841281118, 0.020295362430434737, 0.7991823454611494, 0.8939993656175128, 0.8982491432456338, 0.8911367886684174, 0.9051567540308512, 0.8847174929114251, 0.8957642115535376, 0.8944542192444402, 1.1867672570977619, 0.5993049625757159, 0.5982877347592506, 0.5997667857417246, 0.6076138580406407, 0.5948128932172814, 0.5951400119218635, 0.00031705487596673734, 0.5973228544222905, 0.0006493288113703829, 0.9347574355105684, 0.9365744656208552, 0.9358523811609357, 0.9361452722824503, 0.9367781659549672, 0.9374933391752579, 0.9368973803916624, 1.5507582227385834, 1.4940191520804058, 1.540447057345303, 1.526341901051613, 1.5219310872947385, 1.5577944826391232, 1.5478344174698653, 1.5167297238045505, 1.2126159444137898, 1.2079315376809552, 0.004631543636419785, 1.2133867749272045, 1.2170420131963406, 1.2104249324848841, 1.2044876351281446, 1.219056013363268, 2.502470439877395, 2.4761302485060415, 2.4916014157077915, 0.0024433207803201277, 2.4913645136745663, 2.5059736480951726, 2.534122846482099, 2.486873548160047, 3.2704867772296797, 3.3117760366317195, 3.3516669060281807, 3.213141954264124, 3.2433464913560477, 3.2894392488048467, 8.149554452415108, 8.166789114659402, 6.980553714551928, 7.076407975740514, 8.779617756648607, 8.979199497132814, 9.012362580544588, 8.873432230977201, 8.93988927159689, 8.972643008057823, 0.48201802174236646, 0.49020033016040515, 0.48481164027435353, 0.47719384459862707, 0.48955513251348937, 0.47284784359595716, 0.48132916424756106, 0.4843265088646992], "epochs": [178, 223, 193, 177, 144, 205, 148, 271, 147, 148, 147, 150, 145, 148, 147, 251, 202, 202, 202, 202, 202, 202, 248, 202, 70, 183, 183, 183, 183, 183, 183, 183, 216, 216, 216, 217, 216, 217, 217, 247, 219, 219, 275, 219, 220, 219, 219, 220, 300, 300, 300, 175, 300, 300, 300, 300, 300, 300, 300, 300, 300, 300, 300, 300, 198, 197, 280, 280, 279, 279, 280, 278, 257, 257, 258, 257, 258, 257, 257, 257], "lr_peak_epoch": [174, 77, 78, 106, 2, 134, 113, 175, 6, 91, 31, 88, 48, 105, 113, 106, 84, 115, 20, 105, 168, 53, 169, 110, 56, 119, 64, 120, 124, 166, 57, 106, 146, 131, 26, 14, 187, 38, 76, 101, 195, 204, 220, 184, 206, 91, 167, 32, 5, 95, 202, 128, 217, 9, 128, 5, 25, 172, 171, 169, 49, 159, 58, 64, 170, 10, 97, 240, 139, 66, 128, 73, 111, 217, 255, 242, 29, 109, 104, 153], "batch_size": [4196, 4196, 4196, 4196, 4196, 4196, 4196, 4196, 4196, 4196, 4196, 4196, 4196, 4196, 4196, 4196, 4196, 4196, 4196, 4196, 4196, 4196, 4196, 4196, 4196, 4196, 4196, 4196, 4196, 4196, 4196, 4196, 4196, 4196, 4196, 4196, 4196, 4196, 4196, 4196, 4196, 4196, 4196, 4196, 4196, 4196, 4196, 4196, 4196, 4196, 4196, 4196, 4196, 4196, 4196, 4196, 4196, 4196, 4196, 4196, 4196, 4196, 4196, 4196, 4196, 4196, 4196, 4196, 4196, 4196, 4196, 4196, 4196, 4196, 4196, 4196, 4196, 4196, 4196, 4196], "momentum": [0.45615033221654855, 0.5684339488686485, 0.018789800436355142, 0.6176354970758771, 0.6120957227224214, 0.6169339968747569, 0.9437480785146242, 0.6818202991034834, 0.42549965507804843, 0.42453408571377177, 0.4235847126500752, 0.4234628407829898, 0.4276365242371284, 0.4254550442077631, 0.4251962030718881, 0.3580397967001821, 0.04537321840324296, 0.04571088226707081, 0.04550149637923745, 0.04408222911542128, 0.0468999487838741, 0.04555821782396947, 0.7142412995491114, 0.04600751753855704, 0.12381998284944151, 0.6052223210230023, 0.6053125110552543, 0.6053935102950893, 0.6044400123554708, 0.6059492783114575, 0.6059334857372786, 0.6056761688641056, 0.24467031540450682, 0.2452865756419275, 0.24533316367453092, 0.24633620014379215, 0.24352741081815776, 0.24570250687622772, 0.2453841298709973, 0.9125291451025191, 0.2913131297969018, 0.2913208748881769, 0.40724117141380733, 0.2905314124759537, 0.29125977718329005, 0.2923732119903836, 0.2915023833005139, 0.29186482047337414, 0.21369528390165693, 0.21283670149597278, 0.21262085314825938, 0.39267567654709434, 0.212347089557462, 0.21255152878192907, 0.21296704691819718, 0.21322957957309954, 0.5787059870789402, 0.5802722652944344, 0.580050103606368, 0.5747992180036324, 0.5786219333128843, 0.5799101654318144, 0.9610791536886973, 0.9612200494530868, 0.8374798422697671, 0.837297543569323, 0.42954234711014244, 0.4282959294812856, 0.42788551316304363, 0.42915759671563664, 0.42807586197861913, 0.42796226260682857, 0.3580488599827937, 0.3586210993408631, 0.3600858982739502, 0.3574683005023035, 0.36005365427570696, 0.35917256343154025, 0.3584255177193305, 0.3605485063886856], "weight_decay": [6.273927602293595e-05, 0.00015316508243748712, 0.003077201812975576, 2.0004484210638855e-06, 0.002156917714305619, 0.00225522225239458, 1.1269711680133682e-05, 4.411959206764395e-06, 1.0047996421276564e-06, 1.0036320482718783e-06, 1.002119938506865e-06, 1.0077834051981222e-06, 1.0048321533904347e-06, 1.0085866782219425e-06, 1.0000128342949444e-06, 1.0153439879969422e-06, 0.03510660351878563, 0.03469937334518176, 0.03467260800893698, 0.03490764700596712, 0.034743113261431764, 0.03470855711020917, 0.0986813387889167, 0.03471709751163381, 0.01737965482009739, 8.311822134943065e-05, 8.304495271389665e-05, 8.289578519194721e-05, 8.273405220168651e-05, 8.270154761165907e-05, 8.351333610870033e-05, 8.402318906927534e-05, 0.08586610887739933, 0.08512332454706346, 0.08487994805490989, 0.0879095405775806, 0.0853240607455966, 0.08646249128059445, 0.08618716515126872, 0.00022864167577559913, 0.0009125824547392295, 0.0009112847791884131, 1.449341443318764e-05, 0.0009114206456092106, 0.0009124612302865682, 0.0009135726164310865, 0.0009103630617526252, 0.0009071191773859469, 0.002097529449868347, 0.0020866262102223667, 0.002087108886930274, 0.06053807596312874, 0.0020798749678171817, 0.0020821668214789165, 0.0021074110682347503, 0.002078229698340572, 0.0021824520609593267, 0.002169195914167788, 0.0021664628097478314, 0.0021946622748247515, 0.0021762466403405607, 0.0021701004482586853, 0.0008832295482370414, 0.0008872616466345638, 0.00012380215079730897, 0.0001241230504723108, 0.0020292089475999276, 0.0020313348162020435, 0.002038815284981885, 0.0020384294029515194, 0.0020362221249185524, 0.0020531721855880087, 0.0023019179381161634, 0.002300717988821263, 0.0023177966255762458, 0.002296044038250385, 0.0023130395327082246, 0.0022946362703222304, 0.0022907351541154542, 0.0023067190135482593],