{"lr": [0.00012620948285169316, 1.4557916623227765, 0.7776492451078378, 2.239034272168371, 7.8179288051723566, 0.9903593841281118, 0.020295362430434737, 0.7991823454611494, 0.6493345016229956, 0.6552127971607224, 0.655224081437981, 0.6556724538849009, 0.6574770843179307, 0.6552076621530895, 0.6530287560395638, 0.6512993272863017, 0.8936068960867714, 0.9636190432307581, 1.0305614255325204, 0.7283961386760466, 0.784219956320761, 0.7204303739678705, 0.00031705487596673734, 0.7008253542601444, 0.0006493288113703829, 1.0876157270275197, 1.0840479769348845, 1.0833466095291646, 1.0832322572031547, 1.0815200799554718, 1.0862779618079554, 1.0809662999278127, 2.23215362164865, 2.211382568402984, 2.203806185173319, 2.2240403239952307, 2.2137121595286287, 6.944165807506916, 6.988015329013421, 6.975103509659754, 0.5731732790963939, 0.5669006662977296, 0.004631543636419785, 0.5586736446733912, 0.5771070125574183, 1.8046256097819573, 1.8052813658627163, 2.1627496397889807, 0.09904604831077082, 7.771421436716319, 7.808115003475586, 0.0024433207803201277, 7.807547969943909, 7.783513122311805, 7.827385120416619, 7.762301904151443, 3.36920724573356, 3.316086485842711, 3.30143235551091, 2.661531133605267, 2.663913164000897, 2.7235099126382405, 2.6886352635714457, 2.672647019433546, 9.963773055757947, 9.973020455524605, 9.871458173543896, 1.1652995404914577, 1.166985365818223, 1.1763973379935648, 1.158747289045133, 1.1781168071779138, 9.997038054482362, 9.978511379491517, 9.961996662560214, 9.997964856415832, 9.981289376372338, 9.926692011128903, 9.848242362503607, 9.988693048469244], "epochs": [178, 223, 193, 177, 144, 205, 148, 271, 83, 84, 83, 83, 83, 83, 83, 83, 47, 193, 116, 209, 167, 205, 248, 228, 70, 193, 192, 193, 193, 192, 193, 192, 255, 254, 254, 254, 254, 195, 195, 195, 297, 296, 275, 296, 297, 138, 138, 300, 116, 300, 300, 175, 300, 300, 300, 300, 260, 260, 260, 229, 230, 229, 230, 229, 172, 172, 173, 300, 300, 300, 300, 300, 300, 300, 300, 300, 300, 300, 300, 300], "lr_peak_epoch": [133, 196, 93, 81, 86, 152, 95, 197, 46, 69, 40, 61, 44, 53, 81, 23, 29, 184, 58, 10, 21, 181, 137, 186, 59, 50, 120, 88, 127, 19, 173, 78, 122, 78, 0, 108, 130, 127, 120, 4, 262, 39, 164, 276, 194, 35, 111, 11, 98, 117, 216, 161, 223, 148, 110, 297, 258, 135, 229, 72, 196, 124, 53, 134, 129, 119, 92, 175, 30, 38, 111, 76, 116, 126, 48, 33, 38, 177, 8, 182], "batch_size": [4196, 4196, 4196, 4196, 4196, 4196, 4196, 4196, 4196, 4196, 4196, 4196, 4196, 4196, 4196, 4196, 4196, 4196, 4196, 4196, 4196, 4196, 4196, 4196, 4196, 4196, 4196, 4196, 4196, 4196, 4196, 4196, 4196, 4196, 4196, 4196, 4196, 4196, 4196, 4196, 4196, 4196, 4196, 4196, 4196, 4196, 4196, 4196, 4196, 4196, 4196, 4196, 4196, 4196, 4196, 4196, 4196, 4196, 4196, 4196, 4196, 4196, 4196, 4196, 4196, 4196, 4196, 4196, 4196, 4196, 4196, 4196, 4196, 4196, 4196, 4196, 4196, 4196, 4196, 4196], "momentum": [0.45615033221654855, 0.5684339488686485, 0.018789800436355142, 0.6176354970758771, 0.6120957227224214, 0.6169339968747569, 0.9437480785146242, 0.6818202991034834, 0.34673941801867897, 0.3460167284350678, 0.3483053029337814, 0.3455469610880609, 0.3471099066906188, 0.3496138576577982, 0.34875923827322114, 0.3477794007903531, 0.18592602742953626, 0.6146993211052092, 0.5041877285241525, 0.6212074391038974, 0.5361183686746025, 0.6170434462298416, 0.7142412995491114, 0.13883165590708946, 0.12381998284944151, 0.06652050987639156, 0.06457440723006007, 0.06448865325292992, 0.06691462845738685, 0.06474558483572553, 0.06626561673502597, 0.06348909973963261, 0.24142856827802484, 0.23929222256985283, 0.23951381340902722, 0.23942985464617056, 0.24105708364743272, 0.9998109638264477, 0.9997657426895619, 0.9991906391479376, 0.168241769604067, 0.17045188476296885, 0.40724117141380733, 0.17042016187303277, 0.16694745408647488, 0.32270027416918423, 0.3222176940896447, 0.5396711579613109, 0.8080309591919933, 0.9725499937603368, 0.9730959659342096, 0.39267567654709434, 0.9717484770519558, 0.9730559444777742, 0.9725765980567405, 0.9725795084632634, 0.38389546287034243, 0.38450207843619255, 0.3826198592112809, 0.47639603170058953, 0.47603031234071824, 0.47561445059145635, 0.47628421747859323, 0.4761194663397848, 0.07150330457986163, 0.0715330725390751, 0.07109537427136935, 0.4895466604541844, 0.4898813133987787, 0.48900562880555676, 0.490311977316, 0.4879491740075743, 0.307489701678193, 0.30620452379182495, 0.3065112505412461, 0.30671945736712003, 0.30783053886548556, 0.30583303831623015, 0.30639003626595124, 0.3055998328375092], "weight_decay": [6.273927602293595e-05, 0.00015316508243748712, 0.003077201812975576, 2.0004484210638855e-06, 0.002156917714305619, 0.00225522225239458, 1.1269711680133682e-05, 4.411959206764395e-06, 1.0010272506778506e-06, 1.0062556032797286e-06, 1.0010482285102665e-06, 1.006855472940741e-06, 1.0017141087785455e-06, 1.0029198313208067e-06, 1.0063606647116674e-06, 1.0070322777782983e-06, 1.5645131945730127e-06, 0.0003294102558251485, 3.82422425941749e-06, 0.00011755584260573922, 0.00012234110622662118, 0.00225522225239458, 0.0986813387889167, 0.0005056603387863821, 0.01737965482009739, 0.09993482298948285, 0.09991245926893091, 0.09989335808450646, 0.09984570273979702, 0.09984497081030934, 0.09979885305202477, 0.09975502756069017, 0.0017235485019235135, 0.0017275673818090951, 0.0017710282037059375, 0.001758701716555124, 0.0017367077416160475, 2.091988308489671e-05, 2.086996746055194e-05, 2.1137395609648635e-05, 1.627334240268101e-06, 1.6396516929102212e-06, 1.449341443318764e-05, 1.6410222687843827e-06, 1.6300914039535386e-06, 0.002009187187077594, 0.002014952067465555, 0.002772152133768286, 2.5855578134543028e-06, 0.0014534125980621173, 0.0014486190251970486, 0.06053807596312874, 0.001468512248642265, 0.001461350273434653, 0.0014626992298443484, 0.0014598666559715258, 3.774397833481956e-06, 3.844666458360164e-06, 3.8085624466015516e-06, 0.0019217114497474248, 0.0019410488935388084, 0.001915659083511783, 0.0019048388572527493, 0.0019100106680288616, 0.0015024028637469573, 0.0015113269458629079, 0.0015259858066053536, 0.001837685781411748, 0.0018582363200398018, 0.0018261038261390978, 0.001854895358802637, 0.0018414191329321117, 0.0017690771566252316, 0.0017829973195473098, 0.0017560789560288953, 0.0018012081785828105, 0.0017632863261091683, 0.0017838601182040188, 0.0017840677577796742, 0.0017538154202995794],