{"lr": [0.000344777890824249, 8.834436709134266, 0.011288231480983103, 0.06388591022238588, 0.5963813128552989, 0.0006031962615640894, 0.32523160051759964, 0.004656987920664439, 0.24620600301345338, 0.002929345113316826, 2.2926766755651404, 0.001328659108975552, 0.021490657734687876, 0.07048330334976524, 0.00013071723090172176, 2.7522508399439944, 0.002351050219107376, 0.13672763637811203, 0.0010678532197270108, 1.2678584445473104, 0.11648652451862773, 0.02444032179792133, 4.529495404681595, 0.0001488673165725058, 4.8856627987058685, 0.19005495384281065, 6.027957368639378, 0.07768675929656829, 0.1254957871632456, 0.27870421848598514, 5.105829640290421, 0.7776492451078378, 4.8449784527558055, 5.105829640290421, 0.27870421848598514, 7.716366708524112], "epochs": [102, 203, 246, 77, 37, 274, 181, 148, 156, 190, 300, 63, 85, 254, 230, 128, 117, 218, 261, 92, 48, 285, 192, 158, 133, 193, 204, 234, 200, 46, 204, 193, 103, 224, 57, 225], "lr_peak_epoch": [66, 13, 17, 15, 23, 125, 121, 23, 149, 87, 279, 9, 11, 64, 5, 124, 71, 180, 5, 54, 31, 166, 29, 22, 26, 28, 62, 53, 106, 41, 118, 143, 21, 183, 12, 146], "batch_size": [4196, 4196, 4196, 4196, 4196, 4196, 4196, 4196, 4196, 4196, 4196, 4196, 4196, 4196, 4196, 4196, 4196, 4196, 4196, 4196, 4196, 4196, 4196, 4196, 4196, 4196, 4196, 4196, 4196, 4196, 4196, 4196, 4196, 4196, 4196, 4196], "momentum": [0.8613398345187306, 0.39195177610963583, 0.18238688074052334, 0.5875072441995144, 0.6888624522835016, 0.033439502120018005, 0.25942076835781336, 0.979481796734035, 0.47720091976225376, 0.761716902256012, 0.5316464016214013, 0.19067081343382597, 0.08960489649325609, 0.6802739715203643, 0.893561651930213, 0.35971469804644585, 0.6005218895152211, 0.13058439549058676, 0.4201031383126974, 0.8256506286561489, 0.9585306141525507, 0.3035347908735275, 0.028601602651178837, 0.7481131954118609, 0.24638175405561924, 0.024125675124769496, 0.04198061962533455, 0.048220709074056615, 0.03416566957698634, 0.9006246567889854, 0.589803498082139, 0.018789800436355142, 0.20325836824913804, 0.5706503498637003, 0.9887773630519333, 0.02386004434170004], "weight_decay": [0.00030031589286416954, 0.025852428316687142, 0.0006976707704996236, 1.9337382056533485e-06, 5.421665043846352e-05, 0.008047166932040347, 0.0038448870032458675, 6.244082427061367e-06, 2.2996384639311974e-06, 0.0005858365896767684, 0.09047254649798145, 8.56945293419763e-05, 1.064659141987746e-05, 0.0022518105832003547, 0.01966238393656809, 2.2157838413747392e-05, 0.0015852883881800936, 1.5478135926399656e-05, 3.134257845756451e-05, 0.013620555441812525, 0.0004104097525357346, 3.364462166061038e-06, 0.00012045173100857009, 0.06298108601670796, 0.01130333774485296, 0.001167607009489545, 0.00020701655404602227, 0.0008877756547504027, 0.0008031247768668685, 0.0028196597352332037, 0.001127777463541876, 0.003077201812975576, 6.042171702203747e-05, 0.0017505661089141776, 0.0024490119656421622, 0.009571506019582308], "label_smoothing": [0.31028234772384167, 0.05366098787635565, 0.4456212231889367, 0.19052383303642273, 0.4110573581419885, 0.17152584018185735, 0.3291261442936957, 0.08818891225382686, 0.49131640419363976, 0.24641379434615374, 0.2528759865090251, 0.009497346356511116, 0.3577164779417217, 0.09865370998159051, 0.40200596349313855, 0.14153748145326972, 0.3816756596788764, 0.13829701952636242, 0.3625476658344269, 0.11764505598694086, 0.28077465714886785, 0.020306175108999014, 0.47891684947535396, 0.2198540815152228, 0.32466497737914324, 0.4139514963434653, 0.4947356251658523, 0.47848759751708064, 0.15437244358369623, 0.3584344278807657, 0.4627983191463305, 0.3958625190413323, 0.1398497795816287, 0.4292625759293524, 0.41097529635316077, 0.38809647522572255], "num_workers": [8, 8, 8, 8, 8, 8, 8, 8, 8, 8, 8, 8, 8, 8, 8, 8, 8, 8, 8, 8, 8, 8, 8, 8, 8, 8, 8, 8, 8, 8, 8, 8, 8, 8, 8, 8], "lr_tta": [true, true, true, true, true, true, true, true, true, true, true, true, true, true, true, true, true, true, true, true, true, true, true, true, true, true, true, true, true, true, true, true, true, true, true, true], "time": [59.31798195838928, 110.45526051521301, 134.11184358596802, 48.080134868621826, 26.869972705841064, 154.14174270629883, 103.84840393066406, 86.41432189941406, 90.4959602355957, 108.77399945259094, 162.5481460094452, 39.34845471382141, 50.643059730529785, 137.45083904266357, 125.09746623039246, 72.79696583747864, 67.06078958511353, 118.98894715309143, 141.2895119190216, 54.05708050727844, 31.657779932022095, 153.53981614112854, 105.65109205245972, 88.27935647964478, 74.81983232498169, 106.2350709438324, 111.69681978225708, 127.18927907943726, 109.77264833450317, 30.56862998008728, 111.52032709121704, 106.44834089279175, 59.88406300544739, 121.8654670715332, 36.22862935066223, 121.98166704177856], "train": [10.74, 1.02, 30.2, 64.37, 87.1, 9.23, 99.94, 96.58, 98.75, 30.06, 0.97, 7.26, 26.44, 99.97, 9.7, 99.59, 16.72, 99.39, 14.59, 11.85, 96.0, 70.65, 99.96, 5.04, 7.64, 96.83, 99.96, 66.35, 97.53, 81.63, 99.69, 99.92, 99.93, 90.06, 56.74, 2.23], "test": [10.95, 1.0, 28.3, 42.8, 47.99, 9.45, 52.03, 45.06, 43.35, 27.93, 1.0, 7.26, 25.4, 46.69, 9.59, 49.9, 16.49, 43.93, 14.35, 11.92, 50.16, 43.77, 53.72, 5.37, 7.54, 44.37, 53.08, 42.72, 43.55, 56.02, 56.39, 54.5, 53.66, 56.33, 50.45, 2.18]}