{"lr": [0.5, 0.5, 0.1, 0.1, 0.1, 0.1, 0.1, 0.1, 0.5, 10.0, 0.001, 0.1, 0.1, 0.01, 0.5, 2.0, 0.9, 0.1, 0.01, 0.001, 0.001, 0.005, 0.005, 0.001, 0.001, 0.001, 0.001, 0.001, 0.001, 0.0005, 0.0005, 0.0005, 0.0005, 0.0005, 0.0005, 0.0005, 0.0005, 0.0005, 0.0005, 0.0005, 0.001, 0.001], "epochs": [5, 5, 300, 300, 300, 300, 300, 300, 300, 300, 300, 300, 300, 300, 300, 300, 300, 300, 300, 300, 300, 300, 300, 300, 300, 300, 300, 300, 300, 300, 100, 100, 100, 50, 10, 10, 10, 10, 10, 300, 500, 700], "lr_peak_epoch": [5, 5, 5, 5, 5, 5, 5, 5, 5, 5, 5, 5, 5, 5, 5, 5, 5, 5, 5, 5, 5, 5, 5, 5, 5, 5, 5, 5, 5, 5, 5, 5, 5, 5, 5, 5, 5, 5, 5, 5, 5, 5], "batch_size": [512, 512, 128, 128, 512, 1024, 8192, 50000, 50000, 50000, 50000, 8192, 4096, 8192, 8192, 8192, 8192, 2048, 2048, 2048, 500, 500, 500, 500, 256, 4196, 8392, 16784, 2048, 4196, 4196, 4196, 4196, 4196, 4196, 4196, 4196, 4196, 4196, 4196, 4196, 4196], "momentum": [0.9, 0.9, 0.9, 0.9, 0.9, 0.9, 0.9, 0.9, 0.9, 0.9, 0.9, 0.9, 0.9, 0.9, 0.9, 0.9, 0.9, 0.9, 0.9, 0.9, 0.9, 0.9, 0.8, 0.8, 0.8, 0.8, 0.8, 0.8, 0.8, 0.8, 0.8, 0.8, 0.8, 0.8, 0.8, 0.8, 0.8, 0.8, 0.8, 0.8, 0.8, 0.8], "weight_decay": [0.0005, 0.0005, 0.0005, 0.0005, 0.0005, 0.0005, 0.0005, 0.0005, 0.0005, 0.0005, 0.0005, 0.0005, 0.0005, 0.0005, 0.0005, 0.0005, 0.0005, 0.0005, 0.0005, 0.0005, 0.0005, 0.0005, 0.0005, 0.0005, 0.0005, 0.0005, 0.0005, 0.0005, 0.0005, 0.0005, 0.0005, 0.0005, 0.0005, 0.0005, 0.0005, 0.0005, 0.0005, 0.0005, 0.0005, 0.0005, 0.0005, 0.0005], "label_smoothing": [0.1, 0.1, 0.1, 0.1, 0.1, 0.1, 0.1, 0.1, 0.1, 0.1, 0.1, 0.1, 0.1, 0.1, 0.1, 0.1, 0.1, 0.1, 0.1, 0.1, 0.1, 0.1, 0.1, 0.1, 0.1, 0.1, 0.1, 0.1, 0.1, 0.1, 0.1, 0.1, 0.1, 0.1, 0.1, 0.1, 0.1, 0.1, 0.1, 0.1, 0.1, 0.1], "num_workers": [8, 8, 8, 8, 8, 8, 8, 8, 8, 8, 8, 8, 8, 8, 8, 8, 8, 8, 8, 8, 8, 8, 8, 8, 8, 8, 8, 8, 8, 8, 8, 8, 8, 8, 8, 8, 8, 8, 8, 8, 8, 12], "lr_tta": [true, true, true, true, true, true, true, true, true, true, true, true, true, true, true, true, true, true, true, true, true, true, true, true, true, true, true, true, true, true, true, true, true, true, true, true, true, true, true, true, true, true], "time": [11.149722814559937, 11.327641010284424, 912.9010987281799, 1090.9623742103577, 302.7110810279846, 212.32492232322693, 174.43655514717102, 373.63055419921875, 361.46865940093994, 362.1111149787903, 362.8115770816803, 195.6231405735016, 183.35235857963562, 195.4726459980011, 195.60697507858276, 195.57670068740845, 194.90938115119934, 238.56466054916382, 245.0214433670044, 244.87615847587585, 348.3899040222168, 355.47310972213745, 354.0783233642578, 353.88220405578613, 559.9560749530792, 202.8694043159485, 195.91976833343506, 194.5615050792694, 239.34418892860413, 202.70449566841125, 76.12364101409912, 147.59931206703186, 148.41810512542725, 77.95965099334717, 21.811473608016968, 21.859416961669922, 21.52594804763794, 21.87754774093628, 21.90150284767151, 428.98630595207214, 710.2474837303162, 932.3505003452301], "train": [27.68, 35.8, 99.95, 99.97, 99.96, 99.97, 99.96, 88.06, 93.2, 1.0, 12.05, 99.97, 99.97, 88.88, 99.97, 99.97, 99.98, 0.3, 99.94, 61.17, 99.65, 99.94, 99.93, 96.19, 99.76, 34.75, 26.21, 15.84, 50.1, 28.3, 16.88, 10.04, 11.71, 4.61, 0.62, 0.55, 0.12, 1.0, 0.57, 23.79, 41.57, 47.31], "test": [27.65, 34.73, 61.57, 61.81, 57.86, 55.76, 46.3, 43.26, 45.22, 1.0, 12.23, 47.36, 49.71, 43.9, 54.16, 53.98, 54.2, 0.27, 44.68, 42.07, 44.16, 46.06, 45.51, 43.41, 43.03, 31.78, 25.46, 16.63, 40.19, 27.71, 16.92, 10.27, 11.6, 4.22, 0.62, 0.54, 0.1, 1.01, 0.58, 23.57, 39.06, 42.07]}