{"lr": [0.00012620948285169316, 1.4557916623227765, 0.7776492451078378, 2.239034272168371, 7.8179288051723566, 0.9903593841281118, 0.020295362430434737, 0.7991823454611494, 0.5184857893395791, 0.5196690402202371, 0.5172550177057643, 0.5168775072652045, 0.5241356243213449, 0.5207822428791377, 0.5173124153740505, 0.5260351843098151, 0.6326779672188121, 0.636199386393854, 0.6391726786532408, 0.6387359388920987, 0.6420585047858431, 0.6392024168802792, 0.00031705487596673734, 0.6364781619825324, 0.0006493288113703829, 0.419937352862969, 0.42008536395441604, 0.42136326786578, 0.41946813388444915, 0.4200270002996546, 0.4190332971378865, 0.4218188863041844, 1.6021683073152544, 1.602043142130951, 1.5886151833876856, 1.5974000237755177, 1.5925651328445614, 1.5860874923539472, 1.5948444080503592, 1.6082851409191838, 0.5276841285166187, 0.5268584565304235, 0.004631543636419785, 0.5267868268693773, 0.531816419577479, 0.5270440483459269, 0.5281662124039832, 0.5308695397960584, 2.7798291097243264, 2.7832191225571514, 2.8232307066103606, 0.0024433207803201277, 2.759268172552458, 2.79019480793882, 2.7838471284509683, 2.7847700970327014, 2.168175572357031, 2.1640082893548893, 2.166713968855537, 2.1618121961592207, 2.1749394255784997, 2.1623094806444696, 2.1809560962230035, 2.1692261610737344, 1.1455472343099822, 1.149086368395357, 1.143464106031354, 1.1381068318013554, 1.1432424374047914, 1.1409395271931566, 1.147892433175051, 1.1474889145368714, 1.032526519942205, 1.0112712847317211, 0.9921425750282453, 0.9957542698702898, 0.9992674897209265, 0.9940638559063768, 0.9862013619395825, 0.9907833888567507], "epochs": [178, 223, 193, 177, 144, 205, 148, 271, 124, 124, 124, 124, 124, 124, 124, 124, 300, 300, 300, 300, 300, 300, 248, 300, 70, 185, 185, 185, 185, 185, 185, 185, 193, 193, 192, 193, 192, 192, 192, 193, 203, 203, 275, 203, 203, 203, 203, 203, 216, 216, 216, 175, 216, 216, 216, 216, 218, 218, 218, 218, 218, 218, 218, 218, 223, 223, 224, 224, 223, 223, 224, 224, 176, 176, 266, 266, 266, 266, 266, 266], "lr_peak_epoch": [164, 216, 104, 41, 120, 49, 21, 127, 20, 11, 2, 74, 49, 2, 73, 15, 76, 57, 183, 215, 85, 243, 180, 49, 66, 28, 85, 86, 48, 44, 71, 171, 99, 11, 181, 79, 152, 7, 157, 130, 41, 170, 104, 20, 159, 88, 158, 85, 52, 196, 215, 5, 53, 23, 104, 83, 71, 33, 144, 157, 19, 39, 182, 39, 176, 124, 89, 132, 209, 10, 32, 129, 136, 105, 95, 44, 182, 245, 215, 47], "batch_size": [4196, 4196, 4196, 4196, 4196, 4196, 4196, 4196, 4196, 4196, 4196, 4196, 4196, 4196, 4196, 4196, 4196, 4196, 4196, 4196, 4196, 4196, 4196, 4196, 4196, 4196, 4196, 4196, 4196, 4196, 4196, 4196, 4196, 4196, 4196, 4196, 4196, 4196, 4196, 4196, 4196, 4196, 4196, 4196, 4196, 4196, 4196, 4196, 4196, 4196, 4196, 4196, 4196, 4196, 4196, 4196, 4196, 4196, 4196, 4196, 4196, 4196, 4196, 4196, 4196, 4196, 4196, 4196, 4196, 4196, 4196, 4196, 4196, 4196, 4196, 4196, 4196, 4196, 4196, 4196], "momentum": [0.45615033221654855, 0.5684339488686485, 0.018789800436355142, 0.6176354970758771, 0.6120957227224214, 0.6169339968747569, 0.9437480785146242, 0.6818202991034834, 0.4913129212090033, 0.4921106593203132, 0.49052833465222095, 0.4921708606983177, 0.4907028328434807, 0.492077247568025, 0.492470470935197, 0.4915684612933424, 0.7836527947445285, 0.7839574352976033, 0.7835807667387626, 0.7843724799649451, 0.7835695243438794, 0.7838774386005689, 0.7142412995491114, 0.7829648065358175, 0.12381998284944151, 0.597992812372123, 0.5969709513041472, 0.5970764356534263, 0.5962610861564435, 0.5971953072023288, 0.5977935933188154, 0.596072526676459, 0.32220174906697246, 0.32241237401977496, 0.3263793557886213, 0.3221277204054453, 0.32680178786656583, 0.32801263205806236, 0.3238512853592117, 0.3244830823604823, 0.5879283897177067, 0.5863577340600021, 0.40724117141380733, 0.586404396631864, 0.5871349644298028, 0.5870604546390513, 0.5875451893051384, 0.5863465728219961, 0.9999862362181603, 0.9999769340410847, 0.9998207301570206, 0.39267567654709434, 0.9998960657223185, 0.9998646764189685, 0.9994625260414747, 0.9999532304513132, 0.4769230114500642, 0.4769580309932881, 0.47745216312013583, 0.4768204443970507, 0.47733572651300876, 0.4763564753522134, 0.47729201667935106, 0.47818470225046233, 0.14757995447877087, 0.14724573573089947, 0.1465578905115872, 0.14665709277705039, 0.14863943882146183, 0.1481069196356557, 0.14644572509425768, 0.14693523794040517, 0.5701147149893959, 0.5700048847037291, 0.07232426490359353, 0.07139025037762832, 0.07111728148929423, 0.07144787878204949, 0.07175224205016967, 0.07193671028112354], "weight_decay": [6.273927602293595e-05, 0.00015316508243748712, 0.003077201812975576, 2.0004484210638855e-06, 0.002156917714305619, 0.00225522225239458, 1.1269711680133682e-05, 4.411959206764395e-06, 1.2580360168847973e-05, 1.2390027263737317e-05, 1.2598663485036992e-05, 1.259788042998008e-05, 1.2165705423142268e-05, 1.1984030461979563e-05, 1.2624693880308034e-05, 1.2302623984873967e-05, 0.09953091962596042, 0.09960336467527053, 0.09985295751600863, 0.09987936747811693, 0.09938354215852009, 0.09940946073491749, 0.0986813387889167, 0.09879871896775247, 0.01737965482009739, 4.7789498503110576e-05, 4.762214749154018e-05, 4.804622001739623e-05, 4.7709429648233854e-05, 4.883530758357136e-05, 4.714013781204513e-05, 4.8499263009766314e-05, 0.0006672766295988468, 0.000669743654333146, 0.0007448646777691582, 0.0006745334861415215, 0.0007367643218415845, 0.0007220445934044387, 0.000735269913150351, 0.0006557321631325114, 0.0008982984722627306, 0.0008994189500753535, 1.449341443318764e-05, 0.0008952802689526319, 0.0008980943066030507, 0.0008946431377294056, 0.0009001083772352063, 0.000891010527239029, 1.0020239842123913e-06, 1.0053077070251154e-06, 1.0026234015582623e-06, 0.06053807596312874, 1.0004828841337528e-06, 1.0067061216624955e-06, 1.0179513449220165e-06, 1.001430261055212e-06, 1.7487845764488406e-05, 1.7490869187933078e-05, 1.802976592822566e-05, 1.7691443001673773e-05, 1.730673434385431e-05, 1.7192637970281554e-05, 1.700299759299652e-05, 1.8367317782004472e-05, 1.0017077733838332e-06, 1.002332695055765e-06, 1.0004462333829835e-06, 1.0014545812470945e-06, 1.0037791126420038e-06, 1.0067976162556708e-06, 1.0064375110339574e-06, 1.005546487818729e-06, 0.03860165273406116, 0.04101253516462797, 0.06198861847861536, 0.0640693337100029, 0.0628678419311058, 0.06259980234189856, 0.06283808584003579, 0.060906669992342635],