{"lr": [0.00013856419225233358, 4.713111021160677, 0.0026087952950442405, 0.09619130816428648, 0.00013350580805667668, 1.7204153860138838, 0.00021484442401379958, 0.38250898027251257, 1.5899581899911892, 0.05527752775381932, 1.5225341219485782, 3.375712519005157, 3.8987890699004937, 2.8411664417184643, 3.8987890699004937, 3.170165927063769, 2.099214176773677, 2.1672163170785264, 1.5899581899911892, 0.00026266896784754416, 0.058661824763710534, 0.04305745056473458, 0.00422721229329574, 0.00038965071283484856, 0.24672986995070975, 2.4973826445514136, 2.1672163170785264, 2.6923423597696425, 2.487287984600266, 2.5938586762877125, 2.498525565640717, 2.3400672954334603, 3.170050856011879, 2.1039836641727563, 0.7183011020081833, 1.7296903598151507, 2.1317914002166707, 2.0095773336546876, 1.8330544079997375, 1.8556836467565236, 1.8544045992711897, 1.8556836467565236, 0.007592921976104319, 1.851458134367352, 1.8330544079997375, 1.8405310831536248, 2.0576004575341416, 1.8759730936653005, 2.2478520688039687, 1.9568399100728993, 2.0576004575341416, 0.06532454381387093, 3.4768539512282315, 1.9338009846939717, 1.9521030810381557, 0.0011097612624509684, 1.642562895327786, 1.6710757267471785, 1.6846895021520032, 1.6731665574417962, 1.6512284889550493, 3.50169009564396, 2.136626545927715, 0.00016276551926045393, 1.584989994880122, 1.5878675640350268, 2.0610465173595665, 1.6099170035591035, 0.00013181362232527917, 0.24409224680284444, 1.585237082644608, 0.1436646130482273, 4.984830189082364, 1.249338857459942, 2.0610465173595665, 0.002484167675655786, 2.0576004575341416, 2.2551535895401607, 1.3839929479682234, 1.9938822941482943], "epochs": [36, 289, 90, 165, 42, 282, 205, 68, 282, 174, 117, 201, 109, 116, 145, 142, 161, 296, 216, 299, 233, 262, 118, 218, 267, 294, 300, 298, 299, 150, 168, 210, 63, 295, 249, 296, 290, 293, 296, 299, 296, 293, 157, 296, 300, 297, 299, 299, 299, 298, 297, 102, 297, 298, 297, 111, 293, 293, 293, 293, 293, 161, 298, 49, 299, 299, 299, 296, 299, 251, 296, 230, 79, 230, 141, 202, 225, 114, 155, 222], "lr_peak_epoch": [19, 84, 66, 136, 9, 145, 193, 21, 17, 20, 92, 40, 101, 47, 114, 83, 22, 127, 145, 282, 79, 109, 115, 21, 27, 160, 193, 243, 111, 141, 14, 155, 25, 173, 135, 25, 287, 128, 163, 4, 237, 105, 75, 158, 123, 49, 284, 280, 91, 241, 68, 40, 124, 137, 262, 88, 99, 186, 112, 277, 223, 10, 37, 29, 196, 60, 195, 208, 105, 40, 266, 91, 6, 198, 88, 74, 8, 98, 16, 217], "batch_size": [4196, 4196, 4196, 4196, 4196, 4196, 4196, 4196, 4196, 4196, 4196, 4196, 4196, 4196, 4196, 4196, 4196, 4196, 4196, 4196, 4196, 4196, 4196, 4196, 4196, 4196, 4196, 4196, 4196, 4196, 4196, 4196, 4196, 4196, 4196, 4196, 4196, 4196, 4196, 4196, 4196, 4196, 4196, 4196, 4196, 4196, 4196, 4196, 4196, 4196, 4196, 4196, 4196, 4196, 4196, 4196, 4196, 4196, 4196, 4196, 4196, 4196, 4196, 4196, 4196, 4196, 4196, 4196, 4196, 4196, 4196, 4196, 4196, 4196, 4196, 4196, 4196, 4196, 4196, 4196], "momentum": [0.8768015808693621, 0.15470202231330887, 0.6373845078842639, 0.7557168844254686, 0.990639327801183, 0.9609152397267855, 0.2591427752592327, 0.3112974829406254, 0.9609152397267855, 0.9355160818173294, 0.2637826824467156, 0.1517776698548886, 0.1087347111747135, 0.23282274525027874, 0.060885215538545534, 0.4779580419009967, 0.9339895533925251, 0.9489778316090481, 0.9879229487859351, 0.40861087965653775, 0.26816493801888086, 0.24172814462554393, 0.6750135714897185, 0.10034743383624822, 0.7985376009496762, 0.9195735305501342, 0.9292410748299028, 0.9297680964883867, 0.9916890518005732, 0.9188111013433761, 0.9206967928726096, 0.9980264280000565, 0.7932383457966681, 0.9595935281653678, 0.37366493649174726, 0.9448848786852678, 0.9717692436883533, 0.9571456082212065, 0.956797317947328, 0.9584976878646455, 0.9571456082212065, 0.9547219865979598, 0.4249796993592183, 0.9489778316090481, 0.9513932554422683, 0.9541395201607261, 0.956587574939917, 0.9523926234513442, 0.9559566302204551, 0.9564915972568746, 0.956587574939917, 0.24468071166939676, 0.9559570737061731, 0.9558306649926425, 0.9562464333357307, 0.7444255424068631, 0.9578689941236669, 0.9630535094516267, 0.9564782661308127, 0.9602956357589667, 0.9601762268906041, 0.9325404661400308, 0.9624191097022541, 0.7222336628160952, 0.9566238305556406, 0.9569225665674675, 0.956587574939917, 0.9568614816869513, 0.03711845285434623, 0.6330766678310361, 0.9573305746102898, 0.842517448196132, 0.7861709986443746, 0.842517448196132, 0.9577010378735658, 0.9204289474531683, 0.956587574939917, 0.2682534969480942, 0.9567705768664095, 0.9578573607394865], "weight_decay": [0.0006912602869815424, 5.72660933595742e-05, 5.751727037732042e-05, 0.0004406874140321504, 1.3818987391924368e-05, 0.0004903181014205663, 0.0002944224692319088, 0.00022201509756785513, 0.0013028136375107, 0.00019349308728719238, 0.001281344833681027, 3.366267789734756e-05, 0.036891550027413185, 0.01461779165798049, 0.023166078234675095, 0.003480598306675283, 0.000474463156914951, 0.0004903181014205663, 0.005480934647550514, 0.00012805489165358715, 4.0663301995294345e-05, 4.0663301995294345e-05, 5.473099553727633e-06, 1.1455760792289688e-05, 0.0012294071979852455, 0.0006915160638081622, 0.0007048286287590497, 0.0005747725317800411, 4.247472438857691e-06, 0.0007739315485528846, 0.0006563011775919748, 0.0004276356570874057, 0.0014607696712842393, 0.00047443485998089263, 0.00026882518273713455, 0.00048293799597152516, 0.00047121288643398734, 0.00047073401465178033, 0.0004989219458886394, 0.0006037912627915029, 0.0005058587387372238, 0.000508007195081039, 0.0020785684276109478, 0.000516260592531564, 0.0004989219458886394, 0.000499959527948564, 0.0005099233850438946, 0.0005054774961875203, 0.0004906954210255987, 0.00023817554631703933, 0.00030133409935972715, 7.416355315472212e-06, 0.0003222413327534892, 0.00025906449567590336, 0.0003584782358846888, 1.7450536426305743e-05, 0.000530528203579327, 0.0005424982239577041, 0.0005210337974469425, 0.0005103910244714393, 0.0005453261707400499, 0.00048008115294920873, 0.0005099233850438946, 7.806450846482615e-06, 0.0005257449083499435, 0.0005315793321239898, 0.0005099233850438946, 0.0005001839317619525, 1.9396987733865224e-05, 3.0394845071431446e-05, 0.0004965666005042966, 0.007285383900710691, 4.36731796709506e-06, 0.004409964429950384, 0.0005367695569883723, 4.317169034574228e-06, 0.0005099233850438946, 0.01697369458927495, 0.0005159897149220552, 0.0005194077789007387],