{"lr": [0.000344777890824249, 8.834436709134266, 0.011288231480983103, 0.06388591022238588, 0.5963813128552989, 0.0006031962615640894, 0.32523160051759964, 0.004656987920664439, 0.24620600301345338, 0.002929345113316826, 2.2926766755651404, 0.001328659108975552, 0.021490657734687876, 0.07048330334976524, 0.00013071723090172176, 2.7522508399439944, 0.002351050219107376, 0.13672763637811203, 0.0010678532197270108, 1.2678584445473104, 0.11648652451862773, 0.02444032179792133, 4.529495404681595, 0.0001488673165725058, 4.8856627987058685, 0.19005495384281065, 6.027957368639378, 0.07768675929656829, 0.1254957871632456, 0.27870421848598514, 5.105829640290421, 0.7776492451078378, 4.8449784527558055, 5.105829640290421, 0.27870421848598514, 7.716366708524112, 0.000344777890824249, 0.000344777890824249, 8.834436709134266, 0.011288231480983103, 0.06388591022238588, 0.5963813128552989, 0.0006031962615640894, 0.32523160051759964, 0.004656987920664439, 0.24620600301345338, 0.002929345113316826, 2.2926766755651404, 0.001328659108975552, 0.021490657734687876, 0.07048330334976524, 0.00013071723090172176, 2.7522508399439944, 0.002351050219107376, 0.13672763637811203, 0.0010678532197270108, 1.2678584445473104, 0.11648652451862773, 0.02444032179792133, 4.529495404681595, 0.0001488673165725058, 4.8856627987058685, 1.964375471280416, 1.9635755968722222, 1.9681112122045796, 1.974985899933563, 1.9728075978523567, 2.008850669554461, 0.23208715184909218, 0.23277030466046766, 0.1534699082232087, 0.15467486221111038, 0.00012620948285169316, 1.4557916623227765, 0.7776492451078378, 2.239034272168371, 7.8179288051723566, 0.9903593841281118, 0.020295362430434737, 0.7991823454611494, 0.38530091796327953, 0.38754686310375835, 0.38225397821085166, 0.38530044892762955, 0.38354679587754903, 0.3811124201062956, 0.3845613899082438, 0.38257168385204093, 0.4548524415237918, 0.44954326212587453, 0.45843214472695576, 0.4573647665332599, 0.4564302347489396, 0.45649795357682577, 0.00031705487596673734, 0.44767310445285746, 0.0006493288113703829, 0.8071720084803601, 0.8032625345469484, 0.8010915057292212, 0.806213976162827, 0.8026981160703272, 0.7980133162677281, 0.811741567288268, 2.0264804056202155, 2.0171691388752033, 2.029658334309827, 2.0054487984472282], "epochs": [102, 203, 246, 77, 37, 274, 181, 148, 156, 190, 300, 63, 85, 254, 230, 128, 117, 218, 261, 92, 48, 285, 192, 158, 133, 193, 204, 234, 200, 46, 204, 193, 103, 224, 57, 225, 102, 102, 203, 246, 77, 37, 274, 181, 148, 156, 190, 300, 63, 85, 254, 230, 128, 117, 218, 261, 92, 48, 285, 192, 158, 133, 197, 197, 197, 197, 197, 196, 213, 214, 153, 153, 178, 223, 193, 177, 144, 205, 148, 271, 162, 162, 162, 162, 162, 162, 162, 162, 162, 162, 162, 162, 162, 162, 248, 162, 70, 300, 300, 300, 300, 300, 300, 300, 199, 200, 199, 200], "lr_peak_epoch": [66, 13, 17, 15, 23, 125, 121, 23, 149, 87, 279, 9, 11, 64, 5, 124, 71, 180, 5, 54, 31, 166, 29, 22, 26, 28, 62, 53, 106, 41, 118, 143, 21, 183, 12, 146, 98, 63, 149, 235, 66, 18, 272, 120, 60, 104, 147, 292, 39, 67, 36, 112, 22, 57, 192, 129, 86, 35, 206, 112, 59, 43, 68, 82, 153, 65, 161, 193, 97, 29, 139, 4, 162, 214, 23, 115, 122, 115, 124, 43, 48, 52, 149, 158, 34, 129, 60, 23, 12, 11, 53, 67, 106, 108, 135, 77, 0, 247, 107, 93, 101, 49, 220, 260, 30, 9, 80, 113], "batch_size": [4196, 4196, 4196, 4196, 4196, 4196, 4196, 4196, 4196, 4196, 4196, 4196, 4196, 4196, 4196, 4196, 4196, 4196, 4196, 4196, 4196, 4196, 4196, 4196, 4196, 4196, 4196, 4196, 4196, 4196, 4196, 4196, 4196, 4196, 4196, 4196, 4196, 4196, 4196, 4196, 4196, 4196, 4196, 4196, 4196, 4196, 4196, 4196, 4196, 4196, 4196, 4196, 4196, 4196, 4196, 4196, 4196, 4196, 4196, 4196, 4196, 4196, 4196, 4196, 4196, 4196, 4196, 4196, 4196, 4196, 4196, 4196, 4196, 4196, 4196, 4196, 4196, 4196, 4196, 4196, 4196, 4196, 4196, 4196, 4196, 4196, 4196, 4196, 4196, 4196, 4196, 4196, 4196, 4196, 4196, 4196, 4196, 4196, 4196, 4196, 4196, 4196, 4196, 4196, 4196, 4196, 4196, 4196], "momentum": [0.8613398345187306, 0.39195177610963583, 0.18238688074052334, 0.5875072441995144, 0.6888624522835016, 0.033439502120018005, 0.25942076835781336, 0.979481796734035, 0.47720091976225376, 0.761716902256012, 0.5316464016214013, 0.19067081343382597, 0.08960489649325609, 0.6802739715203643, 0.893561651930213, 0.35971469804644585, 0.6005218895152211, 0.13058439549058676, 0.4201031383126974, 0.8256506286561489, 0.9585306141525507, 0.3035347908735275, 0.028601602651178837, 0.7481131954118609, 0.24638175405561924, 0.024125675124769496, 0.04198061962533455, 0.048220709074056615, 0.03416566957698634, 0.9006246567889854, 0.589803498082139, 0.018789800436355142, 0.20325836824913804, 0.5706503498637003, 0.9887773630519333, 0.02386004434170004, 0.8613398345187306, 0.8613398345187306, 0.39195177610963583, 0.18238688074052334, 0.5875072441995144, 0.6888624522835016, 0.033439502120018005, 0.25942076835781336, 0.979481796734035, 0.47720091976225376, 0.761716902256012, 0.5316464016214013, 0.19067081343382597, 0.08960489649325609, 0.6802739715203643, 0.893561651930213, 0.35971469804644585, 0.6005218895152211, 0.13058439549058676, 0.4201031383126974, 0.8256506286561489, 0.9585306141525507, 0.3035347908735275, 0.028601602651178837, 0.7481131954118609, 0.24638175405561924, 0.059316734885842666, 0.060468023317105046, 0.058838854680377806, 0.0597791245845444, 0.059257701650872296, 0.05833630373083732, 0.3101793795306138, 0.30928415702564116, 0.11605168041229674, 0.11159518480939414, 0.45615033221654855, 0.5684339488686485, 0.018789800436355142, 0.6176354970758771, 0.6120957227224214, 0.6169339968747569, 0.9437480785146242, 0.6818202991034834, 0.40814744277897286, 0.4091201967813858, 0.40897681252714185, 0.4094072253713462, 0.4089190540176803, 0.40873338950609356, 0.4081564233831028, 0.4086629218958897, 0.43442834778372147, 0.4353742319846636, 0.43486241506161943, 0.4369442812266798, 0.4364792297463601, 0.43472096890459927, 0.7142412995491114, 0.4356459793492421, 0.12381998284944151, 0.4505972443861362, 0.4505220382982183, 0.45310330504509877, 0.44838141282538035, 0.45254351543441623, 0.4541493699375807, 0.4510733670477171, 0.22636004776433907, 0.22729863151801588, 0.22615611973995647, 0.2277045702313122],