{"lr": [0.00012620948285169316, 1.4557916623227765, 0.7776492451078378, 2.239034272168371, 7.8179288051723566, 0.9903593841281118, 0.020295362430434737, 0.7991823454611494, 0.7862571146227523, 1.082130418288054, 0.00034580782352466334, 0.006177030148970697, 0.8970166979004038, 0.0009614170248896969, 0.00028883755305659104, 0.0003023375152147211, 0.8970166979004038, 4.994059193498392, 1.4113773349547347, 0.9850871308209, 1.0046510772018282, 0.997741945157801, 0.00031705487596673734, 0.0006493288113703829, 0.010862167264542127, 0.997741945157801, 1.8305807681500923, 6.443618686241518, 5.634421512167099, 2.471304557782364, 0.724239555897539, 0.8418428997007966, 0.20672405509021138, 0.997087864090988, 0.0025624212589796715, 1.282434372434583, 1.288057497279863, 1.2901625559243164, 1.6132236332098309, 0.4136919312556701, 1.0069502874995848, 0.997087864090988, 0.0022471886164168154, 0.9205271819265031, 0.8442204371126567, 1.021458678751791, 0.8972613149006867, 0.28868554282361203, 1.0108401182598559, 1.0392490492473352, 0.997741945157801, 0.0015852631590727076, 1.0046510772018282, 0.997741945157801, 1.0888970577510126, 1.9436283314646323, 1.1695921876203859, 1.1421184138354519, 1.0982119464012525, 1.0396619692408589, 1.171131425679331, 0.03859602561972595, 1.0108401182598559, 0.0063493285782526806, 1.1761712224588845, 0.9999116089559745, 1.0010943596243116, 0.997741945157801, 0.05759587539371156, 0.0035637245585603693, 1.1854462795054206, 2.0492395739671245, 0.5017502852824766, 0.9720787160580321, 0.9722571440338403, 0.05092182602440237, 1.0101715350206362, 0.0007479283938585754, 9.992983126758894, 1.0108401182598559], "epochs": [178, 223, 193, 177, 144, 205, 148, 271, 181, 232, 229, 172, 235, 178, 52, 57, 256, 272, 236, 241, 248, 232, 248, 70, 248, 232, 232, 232, 232, 232, 232, 232, 298, 249, 211, 253, 277, 248, 229, 278, 232, 230, 263, 230, 241, 234, 232, 232, 228, 226, 247, 235, 232, 204, 242, 154, 278, 243, 237, 231, 261, 96, 253, 221, 223, 223, 244, 222, 273, 97, 242, 120, 58, 230, 288, 166, 266, 279, 230, 243], "lr_peak_epoch": [81, 219, 125, 78, 82, 89, 23, 0, 126, 64, 111, 23, 147, 92, 18, 19, 80, 222, 45, 178, 155, 55, 109, 55, 236, 13, 16, 16, 185, 208, 214, 96, 37, 115, 138, 251, 2, 21, 92, 153, 33, 58, 76, 131, 19, 75, 44, 186, 190, 154, 99, 69, 142, 46, 17, 81, 168, 83, 105, 187, 254, 76, 131, 83, 170, 148, 90, 68, 198, 48, 151, 60, 20, 28, 39, 112, 8, 18, 163, 56], "batch_size": [4196, 4196, 4196, 4196, 4196, 4196, 4196, 4196, 4196, 4196, 4196, 4196, 4196, 4196, 4196, 4196, 4196, 4196, 4196, 4196, 4196, 4196, 4196, 4196, 4196, 4196, 4196, 4196, 4196, 4196, 4196, 4196, 4196, 4196, 4196, 4196, 4196, 4196, 4196, 4196, 4196, 4196, 4196, 4196, 4196, 4196, 4196, 4196, 4196, 4196, 4196, 4196, 4196, 4196, 4196, 4196, 4196, 4196, 4196, 4196, 4196, 4196, 4196, 4196, 4196, 4196, 4196, 4196, 4196, 4196, 4196, 4196, 4196, 4196, 4196, 4196, 4196, 4196, 4196, 4196], "momentum": [0.45615033221654855, 0.5684339488686485, 0.018789800436355142, 0.6176354970758771, 0.6120957227224214, 0.6169339968747569, 0.9437480785146242, 0.6818202991034834, 0.49332671545782786, 0.6838987510744707, 0.643403437688638, 0.522826076249252, 0.08555344448855023, 0.48972211555423717, 0.2761900523285846, 0.2653894909394454, 0.06433612810543689, 0.07933338896226803, 0.13977121349815885, 0.07708097056332423, 0.7696975499959734, 0.7638560434628349, 0.7142412995491114, 0.12381998284944151, 0.6974287731445636, 0.8380264877351904, 0.6947250926479294, 0.4006219778806376, 0.1485952993519123, 0.21035942344994946, 0.6490310162672344, 0.294515334413199, 0.02065099946572868, 0.7598211597066982, 0.06395526612098112, 0.7607379803328792, 0.749640363784692, 0.7472144160035585, 0.7547225036256298, 0.7467272803048332, 0.7969554247209519, 0.829338510702904, 0.05537432042119794, 0.8442172323562022, 0.8105173685419662, 0.8071895415267503, 0.9344673560770183, 0.9416493011398733, 0.7632677499439737, 0.7628554727155944, 0.762714151538874, 0.7963914745173317, 0.764201824096528, 0.7638560434628349, 0.764941479083447, 0.9518744768327362, 0.7627214228111014, 0.762714151538874, 0.7628194066202313, 0.7623096185165638, 0.7619653151704283, 0.554687808661419, 0.7632677499439737, 0.9249669119531921, 0.7638560434628349, 0.7789629131073944, 0.7642480954682428, 0.7638560434628349, 0.455444149450027, 0.5249704422542643, 0.7637176490209835, 0.25364252425682277, 0.6223844285660048, 0.7638560434628349, 0.7638051188666513, 0.8298973686033432, 0.7633560075070718, 0.9521426972954208, 0.7638560434628349, 0.7632677499439737], "weight_decay": [6.273927602293595e-05, 0.00015316508243748712, 0.003077201812975576, 2.0004484210638855e-06, 0.002156917714305619, 0.00225522225239458, 1.1269711680133682e-05, 4.411959206764395e-06, 0.0035225526130729756, 0.00225522225239458, 0.003382330061479574, 0.05581674962150234, 0.006342161540441029, 0.0024842629086006865, 0.00381624299908997, 0.00381624299908997, 0.001706345381247896, 0.0006377616654673046, 0.0953845572269381, 2.049352728832559e-06, 0.002399268837309671, 0.003983430766890302, 0.0986813387889167, 0.01737965482009739, 0.0001852308899805385, 0.0036387752813516025, 0.003656166540198713, 0.005138814293484023, 0.005967796870705693, 0.005841778303789447, 0.0032360477017480114, 0.005290305351609653, 0.006192888619289035, 0.06839690159421698, 0.0002680019658454027, 0.003983430766890302, 0.00457125424340334, 0.004168825159560231, 0.00424196598850368, 0.003855717302734892, 0.03340355342053212, 0.03213538736786563, 3.22101815287529e-05, 0.03272444019090238, 0.024087199089354656, 0.029195288095332863, 0.003983430766890302, 0.01304909987305645, 0.0038945070432264547, 0.0037513097535668218, 0.0037798962475873547, 0.062493236210311644, 0.003845437158251915, 0.003983430766890302, 0.003853831817979556, 0.0007564074719136706, 0.004913304931070946, 0.005616138935989286, 0.0052014362508539256, 0.005366007536368742, 0.005877423894428532, 2.724316743777189e-05, 0.005935228149419186, 1.6983865991372076e-06, 0.0048534097839849156, 0.0059441190378150405, 0.005173784237334865, 0.004816121672484, 0.0001019923684222037, 0.005662068440898617, 0.0039788797784652144, 0.00017008952303355492, 0.003569784615949022, 0.003941477814931479, 0.0037460624496696653, 0.06941159937254456, 0.00039234158373394236, 3.163330708761546e-05, 0.0026273704938384493, 0.0003518996709224616], "label_smoothing": [0.48183138025051464, 0.19172075941288885, 0.3958625190413323, 0.26444745987645224, 0.28402228054696615, 0.4627983191463305, 0.03551802909894347, 0.043564649850770354, 0.29722461738753214, 0.4638551730664073, 0.1507171576858669, 0.13595854165664828, 0.39257591101558587, 0.3805694592199163, 0.11297399054934988, 0.05518757058215257, 0.412050011118942, 0.3958625190413323, 0.0982096009179346, 0.40607407791374805, 0.3976099481623369, 0.4079215058765795, 0.35194429177018316, 0.4340630286841071, 0.28455036930729666, 0.4079215058765795, 0.4105348705663243, 0.40751188534707755, 0.4084268452960727, 0.4079684120986226, 0.4100653728005488, 0.4105869869253314, 0.10844849219923697, 0.40203113182320704, 0.3925764560115689, 0.4079215058765795, 0.4078980561702382, 0.4659175548918771, 0.4077650030372341, 0.43749312045374683, 0.45879996929684863, 0.42873055325567855, 0.36352213135566414, 0.45507805031816184, 0.4161178048908999, 0.442835252751639, 0.40078222385910567, 0.42621517967214695, 0.407729295756334, 0.40699796180484393, 0.4079215058765795, 0.31803052772357066, 0.4073861883484033, 0.4079215058765795, 0.4076837666307139, 0.29549208266184246, 0.42559311315038373, 0.43199784564977345, 0.4230242435817979, 0.418955458041084, 0.4180813002483019, 0.33292955877959385, 0.41487525394330055, 0.207428434666782, 0.4087287147748857, 0.4791447561993461, 0.27350489924389965, 0.2981329306007548, 0.20336667291787414, 0.2529331919126542, 0.4278367575551754, 0.4620793833103818, 0.17423799451674854, 0.40712068993654915, 0.40699796180484393, 0.4611739908983165, 0.31468811328857665, 0.01801690871428474, 0.4079215058765795, 0.407729295756334],