{"lr": [7.452761043085528, 0.9801206894302666, 0.13026327875330923, 0.02984444030512824, 0.02171906837326919, 0.00014343684068361367, 4.019564936781753, 0.0010150019963794394, 0.02175137747775348, 0.021907611170557843, 0.021862256333701018, 0.9814413737913229, 0.02171906837326919, 0.9801206894302666, 0.9900574951950802, 0.0295571642310658, 0.3594829899965588, 0.3557237138025892, 0.35394713980029785, 0.3594987729468276, 0.3534819595541619, 0.3535417556567712, 0.3557006466571096, 0.3555768078509625, 5.36145476775538, 5.42862942246455, 5.342584925192803, 5.41234026269937, 5.398243714302274, 0.2708227260388157, 5.31380844871278, 5.44515525221296, 0.46918330426298543, 0.4662412132734705, 0.4741761457886277, 0.46713086523134645, 0.4743116288194831, 0.47124878128180103, 0.46004359221120955, 0.4786117186529276, 0.20906930548466954, 0.20845174148489037, 0.06143218347671185, 0.20922530646923126, 0.20850877790580424, 0.20809133482912961, 0.20958695795143373, 0.20670352488482954, 0.2943374478116624, 0.2916775412836844, 0.28554590600466206, 0.29908192388565796, 0.28368854132946736, 0.14095130273122128, 1.9835680234383484, 0.1436909980494195, 0.6027892689777318, 0.004831077884466667, 0.18665597701396075, 0.00010698993948724747, 0.18554925442015474, 0.18784149957660634, 0.18749393774518436, 0.18488144308304177, 0.39540575832814423, 0.3952917947204905, 0.39516534008457666, 0.3945448667487374, 0.39714230375113735, 0.3906042966728005, 0.3902757289117916, 0.3896452050998238, 0.10243323475993062, 0.10179603839756354, 0.10228818541811562, 0.10049879441058003, 0.10178287248578129, 0.10020550828498197, 0.10078673201353124, 0.10198367075204137], "epochs": [273, 182, 217, 201, 252, 130, 102, 285, 251, 252, 252, 182, 252, 182, 182, 212, 210, 210, 210, 210, 210, 210, 210, 210, 192, 192, 192, 192, 192, 121, 192, 192, 130, 129, 129, 130, 129, 129, 130, 129, 281, 281, 224, 280, 281, 282, 282, 282, 271, 270, 267, 274, 266, 183, 162, 184, 53, 48, 155, 68, 155, 155, 155, 155, 169, 168, 169, 169, 168, 169, 169, 170, 300, 300, 300, 300, 300, 300, 300, 300], "lr_peak_epoch": [53, 40, 23, 44, 12, 64, 31, 8, 139, 103, 72, 94, 206, 78, 108, 168, 124, 208, 97, 16, 98, 33, 134, 30, 181, 141, 24, 13, 140, 38, 24, 106, 117, 59, 91, 125, 31, 119, 110, 12, 135, 69, 54, 159, 116, 201, 39, 88, 59, 181, 192, 98, 220, 90, 1, 26, 19, 40, 97, 16, 64, 55, 4, 25, 65, 8, 127, 42, 41, 10, 78, 124, 213, 94, 175, 100, 59, 232, 39, 82], "batch_size": [4196, 4196, 4196, 4196, 4196, 4196, 4196, 4196, 4196, 4196, 4196, 4196, 4196, 4196, 4196, 4196, 4196, 4196, 4196, 4196, 4196, 4196, 4196, 4196, 4196, 4196, 4196, 4196, 4196, 4196, 4196, 4196, 4196, 4196, 4196, 4196, 4196, 4196, 4196, 4196, 4196, 4196, 4196, 4196, 4196, 4196, 4196, 4196, 4196, 4196, 4196, 4196, 4196, 4196, 4196, 4196, 4196, 4196, 4196, 4196, 4196, 4196, 4196, 4196, 4196, 4196, 4196, 4196, 4196, 4196, 4196, 4196, 4196, 4196, 4196, 4196, 4196, 4196, 4196, 4196], "momentum": [0.4680018757893655, 0.2358969521938017, 0.04874628272415593, 0.6553868292320925, 0.7712963788696301, 0.7511989705424104, 0.40350353464353217, 0.285320615884482, 0.7692661617362846, 0.7704508267986842, 0.7712073666965633, 0.23571433351307172, 0.7712963788696301, 0.2358969521938017, 0.23418020252806376, 0.5906454455489427, 0.402304268948661, 0.40273159514294254, 0.4031960554433328, 0.40189058286572793, 0.4037633464606467, 0.404218251786656, 0.40333330466910433, 0.40553602181522735, 0.1359548060286038, 0.13570897234576362, 0.13713352458454536, 0.13566253512766535, 0.13573942092518343, 0.5546561136895707, 0.13675580718692468, 0.134628291155315, 0.00011241731565343142, 0.00010448609426857736, 9.994834839326355e-05, 0.0005426412315545141, 0.0002321410973675879, 0.0005033315880189759, 5.408475707308579e-05, 0.000504153141169647, 0.5682693360368232, 0.5686057182641603, 0.6236333576430145, 0.5672277833843334, 0.5660354486961252, 0.5685120278826027, 0.5675197863167806, 0.5682870042403525, 0.23284464004994615, 0.23195890020232066, 0.23680680151601133, 0.22726592586874694, 0.23803820880519924, 0.3374090553085631, 0.08891778505641479, 0.33598439902975447, 0.8222399141466463, 0.10467017696054215, 0.7350809615795795, 0.48236565548548405, 0.7346728377361479, 0.7356916338105094, 0.7375936520035962, 0.7368284351523895, 0.6762550815574493, 0.6748455640774257, 0.6747619055917154, 0.6755628392078176, 0.674648149698819, 0.6768844090308292, 0.6759067051104208, 0.6792870299323194, 0.9999957457705211, 0.9999663788151767, 0.9998627281762785, 0.9998536990860993, 0.9998328468797596, 0.9998294491872745, 0.9997347160835934, 0.9996903538854304], "weight_decay": [0.004350955804841223, 1.0156346848084085e-05, 0.03985227325006992, 0.00850293419237898, 1.0082818785376193e-05, 2.5498335443899134e-05, 1.1225533831450472e-06, 8.520066041569689e-05, 1.00038075607631e-05, 9.995956313276081e-06, 1.021656352787554e-05, 1.0269864849880597e-05, 9.900336922639128e-06, 9.94800495777807e-06, 1.0443175268547012e-05, 0.008356237548286087, 2.064516168493916e-05, 2.0612310293903678e-05, 2.0632460270764886e-05, 2.0716585774138355e-05, 2.060748317508367e-05, 2.0588189902221135e-05, 2.072216882467257e-05, 2.0576847386590073e-05, 4.380468679625192e-06, 4.3789725587131294e-06, 4.4338840647147076e-06, 4.42923165478281e-06, 4.438380220189638e-06, 0.040900587944026616, 4.393610092696968e-06, 4.438509702334028e-06, 1.4452373095893605e-05, 1.4460751590888693e-05, 1.4494307616490622e-05, 1.4449983981365368e-05, 1.4538974720669477e-05, 1.4435186667623443e-05, 1.4479908653337768e-05, 1.4583736488601954e-05, 1.2716222402128406e-05, 1.2708270797826472e-05, 1.4639882285598214e-06, 1.272354054254822e-05, 1.2684034962936293e-05, 1.2778287807685115e-05, 1.277869993521812e-05, 1.2806078930337105e-05, 1.120113858963401e-06, 1.1247269708979024e-06, 1.0929836756790124e-06, 1.1571162818054832e-06, 1.0674736489644527e-06, 1.0001284757305041e-06, 0.0035239352379477394, 1.0026267906751428e-06, 2.6824075927497148e-05, 0.004077512983054071, 3.245358732951504e-06, 0.017159742373549246, 3.2781282006809707e-06, 3.2515312030991765e-06, 3.2824989154373683e-06, 3.2323455488934906e-06, 2.04676999978399e-06, 2.0536408876999905e-06, 2.0655318561317017e-06, 2.0742044174925905e-06, 2.0706598348699733e-06, 2.0328493951211884e-06, 2.027924886581172e-06, 2.0234330530538555e-06, 3.2546228791238208e-06, 3.2919801386746598e-06, 3.270294461904426e-06, 3.2287510031466296e-06, 3.211658607203009e-06, 3.2874314125641477e-06, 3.3064699573538626e-06, 3.244325823411748e-06],