{"lr": [0.00012620948285169316, 1.4557916623227765, 0.7776492451078378, 2.239034272168371, 7.8179288051723566, 0.9903593841281118, 0.020295362430434737, 0.7991823454611494, 3.38553834753561, 0.0009614170248896969, 0.4733045051963447, 3.6161589524229187, 0.6873889718620605, 0.5441792192567423, 0.00023674634920428043, 1.6720811446703767, 0.48586228776383567, 0.21806495051508545, 0.4733045051963447, 0.33345887159937765, 0.21522976586342785, 4.144354551217376, 0.00031705487596673734, 0.0006493288113703829, 0.010862167264542127, 2.5061857693246927, 3.4304631388060463, 1.9720719670075733, 4.024592306576803, 2.2692919921738994, 1.757301720792473, 3.1395253110040917, 0.20672405509021138, 8.161035822317338, 0.0025624212589796715, 3.5334613230917413, 7.629759716871276, 5.272655267042807, 4.00005468634034, 3.4662267154991535, 8.24110796886871, 3.4244066972358183, 0.0022471886164168154, 6.569394916969384, 9.921396323639183, 6.533392936979068, 5.729759037456516, 6.064043636793245, 3.444453864434619, 3.459480354031716, 3.4384181867367896, 0.0015852631590727076, 3.4353315944720486, 3.454005108341477, 3.678351196711068, 1.9436283314646323, 2.7119343590376883, 2.221504594916349, 3.4304631388060463, 2.012299827627301, 2.038259148474271, 0.03859602561972595, 2.9423523073585627, 0.0063493285782526806, 3.435359739545231, 5.189254386989595, 4.497810992800501, 4.099207220793137, 0.05759587539371156, 0.0035637245585603693, 3.7055141146687562, 2.0492395739671245, 0.5017502852824766, 3.435359739545231, 3.4353315944720486, 0.05092182602440237, 3.4304631388060463, 0.0007479283938585754, 3.093956993121675, 3.4304631388060463], "epochs": [178, 223, 193, 177, 144, 205, 148, 271, 158, 130, 195, 142, 181, 193, 178, 115, 151, 199, 187, 290, 102, 176, 248, 70, 248, 221, 208, 237, 293, 204, 194, 219, 298, 217, 211, 235, 232, 209, 233, 208, 197, 210, 263, 196, 175, 197, 148, 191, 221, 220, 220, 235, 220, 221, 219, 154, 203, 204, 208, 204, 148, 96, 206, 221, 201, 207, 205, 170, 273, 97, 177, 120, 58, 201, 201, 166, 201, 279, 225, 228], "lr_peak_epoch": [163, 34, 12, 9, 15, 38, 67, 170, 122, 104, 124, 114, 117, 30, 34, 48, 20, 70, 126, 169, 84, 16, 82, 42, 159, 158, 145, 234, 49, 157, 6, 217, 166, 168, 6, 228, 65, 197, 63, 123, 48, 82, 238, 158, 132, 155, 8, 111, 24, 43, 43, 17, 202, 114, 35, 79, 69, 198, 103, 105, 57, 66, 35, 37, 152, 3, 136, 124, 85, 94, 166, 97, 2, 32, 36, 56, 152, 89, 141, 101], "batch_size": [4196, 4196, 4196, 4196, 4196, 4196, 4196, 4196, 4196, 4196, 4196, 4196, 4196, 4196, 4196, 4196, 4196, 4196, 4196, 4196, 4196, 4196, 4196, 4196, 4196, 4196, 4196, 4196, 4196, 4196, 4196, 4196, 4196, 4196, 4196, 4196, 4196, 4196, 4196, 4196, 4196, 4196, 4196, 4196, 4196, 4196, 4196, 4196, 4196, 4196, 4196, 4196, 4196, 4196, 4196, 4196, 4196, 4196, 4196, 4196, 4196, 4196, 4196, 4196, 4196, 4196, 4196, 4196, 4196, 4196, 4196, 4196, 4196, 4196, 4196, 4196, 4196, 4196, 4196, 4196], "momentum": [0.45615033221654855, 0.5684339488686485, 0.018789800436355142, 0.6176354970758771, 0.6120957227224214, 0.6169339968747569, 0.9437480785146242, 0.6818202991034834, 0.3807118452601731, 0.3771825166624104, 0.6288008432326972, 0.6326961899198237, 0.06414749634878436, 0.0649822693764888, 0.6080995158497114, 0.4016525425134859, 0.5679956185494477, 0.6735241427011163, 0.6482793138008953, 0.599958356397898, 0.599947356714423, 0.5980139184738065, 0.7142412995491114, 0.12381998284944151, 0.6974287731445636, 0.37185058181681, 0.32835728138934717, 0.22997996903307172, 0.3853898659104064, 0.5685041882014698, 0.5936300434683871, 0.243721818384462, 0.02065099946572868, 0.31651703398452913, 0.06395526612098112, 0.30046135290989867, 0.2524778168457933, 0.3099710047693411, 0.6271961249257286, 0.5594577214130991, 0.3709519514141921, 0.37185058181681, 0.05537432042119794, 0.3776239757829362, 0.37643716988595677, 0.6257290872128413, 0.5535812494523127, 0.20555274750025582, 0.5775848773209464, 0.39379241251544955, 0.3942086561356064, 0.7963914745173317, 0.3308447414344784, 0.38380058359728286, 0.37020793510961564, 0.9518744768327362, 0.9003656380917661, 0.8553978696588385, 0.2365866451616881, 0.8050944636127603, 0.9750775289769726, 0.554687808661419, 0.24857523757759542, 0.9249669119531921, 0.3237776680810397, 0.31723548146138064, 0.1425816370901284, 0.981378657257395, 0.455444149450027, 0.5249704422542643, 0.9758311038022719, 0.25364252425682277, 0.6223844285660048, 0.2906368197697986, 0.3154276196624532, 0.8298973686033432, 0.30081857805808504, 0.9521426972954208, 0.30765650264592115, 0.2895200045129629], "weight_decay": [6.273927602293595e-05, 0.00015316508243748712, 0.003077201812975576, 2.0004484210638855e-06, 0.002156917714305619, 0.00225522225239458, 1.1269711680133682e-05, 4.411959206764395e-06, 0.007592052176244229, 0.003142412846321758, 0.00225522225239458, 1.6528299305182667e-06, 9.456053983880634e-06, 0.003077201812975576, 0.004028413860497761, 7.976544645499576e-06, 4.2174401428014784e-05, 0.0010960913712831485, 0.0027757067884057666, 0.0015301419279377271, 1.6743143998535225e-05, 0.0005732221809253545, 0.0986813387889167, 0.01737965482009739, 0.0001852308899805385, 0.002686810123529901, 0.0027845876485136497, 0.0029552405306197496, 0.0023644277810184636, 0.00225522225239458, 0.0005998330317767163, 0.0030857393714853972, 0.006192888619289035, 0.008836089157216091, 0.0002680019658454027, 0.0158503947406587, 0.012605533064574837, 0.01388679067977049, 0.04356944280259466, 0.01462503671977494, 0.0030679857745095633, 0.0028970736422415356, 3.22101815287529e-05, 0.0027845876485136497, 0.0028342991894548617, 0.0030796765682233767, 0.003073333958470406, 0.0030761896424334723, 0.002205146409725505, 0.0017748016154301672, 0.0024663631183584637, 0.062493236210311644, 0.002986939139700988, 0.002958558829290117, 0.002749224929239411, 0.0007564074719136706, 0.0010992555581300343, 0.0011246355947640784, 0.0029908276155101443, 0.0013067105901514893, 0.0013136349755862734, 2.724316743777189e-05, 0.0030093621991825526, 1.6983865991372076e-06, 0.002509132810987624, 0.0029608281229487987, 0.0009052136951043921, 0.0012003935589986704, 0.0001019923684222037, 0.005662068440898617, 0.0011807602835934797, 0.00017008952303355492, 0.003569784615949022, 0.002984030614199512, 0.002973988852136778, 0.06941159937254456, 0.003007260173905756, 3.163330708761546e-05, 0.0030775685726352328, 0.0030653018956531878],