{"lr": [0.00012620948285169316, 1.4557916623227765, 0.7776492451078378, 2.239034272168371, 7.8179288051723566, 0.9903593841281118, 0.020295362430434737, 0.7991823454611494, 0.4223577499557632, 0.4164802003073526, 0.41866524442949477, 0.4197359877610703, 0.4239869353481759, 0.42008681259914554, 0.4179811463531837, 0.4185923410659155, 0.41689854086949607, 0.41579832372456293, 0.9611750342596816, 0.9456411439634914, 0.9619918131375784, 0.9442842385789728, 0.00031705487596673734, 0.9744853154487584, 0.0006493288113703829, 1.1047302693013878, 1.1043911002617415, 1.1087816066680412, 1.096905038992531, 1.1095485935955305, 1.0853437125972039, 1.0990010944411823, 1.2989647640211992, 1.3027219020281673, 1.2987707583722987, 1.2944890689212323, 1.3005970193351848, 1.3089824810196529, 1.3104002345189867, 1.3103903054902726, 0.4394615920500874, 0.4376962349612058, 0.004631543636419785, 0.4376913236061586, 0.4394085958376703, 0.44217078696792667, 0.43961555142520886, 0.4442038938468274, 0.7210648199511314, 0.34127435155225955, 0.34975186292323435, 0.0024433207803201277, 1.9490531178240957, 1.959197300272056, 1.0140585784538314, 1.0207579033621854, 0.32179823370005806, 0.32418365323108733, 0.41577064847180445, 0.41784680542752395, 0.41441595663727165, 0.4140207420806345, 0.41766864170980733, 0.4177719449535644, 0.6929364906195247, 0.708018968664247, 0.605540394441666, 0.6094782018742506, 0.604496939629558, 0.6087986207069614, 0.6087684627034098, 0.6156019700799412, 3.8532551090792606, 3.7651897221534876, 3.830153417298071, 3.844350118004078, 3.842233044706941, 3.7906328026189997, 3.827971441368574, 3.8291275020166], "epochs": [178, 223, 193, 177, 144, 205, 148, 271, 113, 112, 111, 112, 112, 112, 112, 112, 97, 97, 214, 211, 212, 208, 248, 207, 70, 230, 230, 230, 230, 230, 230, 230, 232, 232, 232, 232, 232, 232, 232, 232, 300, 300, 275, 300, 300, 300, 300, 300, 30, 275, 283, 175, 30, 30, 300, 300, 278, 278, 117, 116, 118, 118, 116, 117, 300, 300, 300, 300, 300, 300, 300, 300, 118, 116, 117, 117, 117, 116, 116, 116], "lr_peak_epoch": [166, 110, 65, 170, 122, 33, 14, 261, 74, 51, 90, 88, 55, 65, 103, 33, 68, 39, 67, 191, 26, 153, 63, 88, 49, 167, 96, 12, 31, 200, 72, 149, 173, 166, 208, 31, 102, 138, 157, 195, 265, 112, 232, 70, 15, 283, 56, 203, 29, 12, 193, 67, 22, 15, 133, 210, 185, 261, 107, 70, 14, 34, 1, 22, 214, 165, 204, 218, 206, 256, 143, 145, 75, 33, 59, 10, 107, 109, 45, 44], "batch_size": [4196, 4196, 4196, 4196, 4196, 4196, 4196, 4196, 4196, 4196, 4196, 4196, 4196, 4196, 4196, 4196, 4196, 4196, 4196, 4196, 4196, 4196, 4196, 4196, 4196, 4196, 4196, 4196, 4196, 4196, 4196, 4196, 4196, 4196, 4196, 4196, 4196, 4196, 4196, 4196, 4196, 4196, 4196, 4196, 4196, 4196, 4196, 4196, 4196, 4196, 4196, 4196, 4196, 4196, 4196, 4196, 4196, 4196, 4196, 4196, 4196, 4196, 4196, 4196, 4196, 4196, 4196, 4196, 4196, 4196, 4196, 4196, 4196, 4196, 4196, 4196, 4196, 4196, 4196, 4196], "momentum": [0.45615033221654855, 0.5684339488686485, 0.018789800436355142, 0.6176354970758771, 0.6120957227224214, 0.6169339968747569, 0.9437480785146242, 0.6818202991034834, 0.3342888943414005, 0.33784614054443585, 0.33958227866417573, 0.3382292117312972, 0.3360706962371597, 0.3371143247220628, 0.3367337256238251, 0.33911887557214065, 0.2979444786311229, 0.298784433628218, 0.625141745836481, 0.624863574598611, 0.6273422471556412, 0.6327516835005041, 0.7142412995491114, 0.6586044985046628, 0.12381998284944151, 0.49948091986368515, 0.49906361152501344, 0.49837859176396937, 0.49900042721746, 0.49917239697398497, 0.4997624665426307, 0.4989138760557233, 0.14749841234722266, 0.1465230644561747, 0.14618790822918054, 0.14593550106858572, 0.14780861264013523, 0.14541461019007434, 0.14593235089915868, 0.14759181853272502, 0.48163667951014955, 0.4824508516345342, 0.40724117141380733, 0.4821580621095199, 0.4832711951218394, 0.48387795002749007, 0.48319842860501033, 0.48337461729272635, 0.9993308269257745, 0.9997267353280308, 0.9992416263178693, 0.39267567654709434, 0.9996374605217401, 0.999972745015692, 0.999969315631059, 0.9998557388986826, 0.6037895836602272, 0.6038126298915185, 0.0790309284673839, 0.07933058588483914, 0.07910178712862045, 0.07868907699257874, 0.07855562253681458, 0.07918372873150417, 0.04771603683599844, 0.0452850569708247, 0.07638929076621144, 0.07514219683398389, 0.07633063716442533, 0.07604823465614272, 0.07575087247659751, 0.07460341872297212, 3.189773644918757e-06, 1.3026345680101914e-05, 0.00011140593806578569, 0.00012108409961961657, 0.00019945165160780402, 0.00036140111713013135, 0.0004785709134228745, 0.0009883678894311784], "weight_decay": [6.273927602293595e-05, 0.00015316508243748712, 0.003077201812975576, 2.0004484210638855e-06, 0.002156917714305619, 0.00225522225239458, 1.1269711680133682e-05, 4.411959206764395e-06, 0.0005950854041532599, 0.0006220389163484804, 0.0006212389742061625, 0.000601724899648882, 0.0006047666176067175, 0.0006067740350120913, 0.0006165088451939847, 0.0006092072104486993, 0.0020328103477811345, 0.0021585645695800094, 1.730629828384053e-05, 0.0004966678558110551, 0.00049077502867921, 0.00010790666054054482, 0.0986813387889167, 0.000508697401644498, 0.01737965482009739, 0.09990286309823374, 0.09987806686679927, 0.09995360819703386, 0.0997978255139884, 0.09982841079909595, 0.09991767914881969, 0.09957468338830686, 0.0014553278818245695, 0.0014521736765384858, 0.0014496451254094628, 0.0014550725518578593, 0.0014652263763988015, 0.0014435256376910297, 0.0014474489092048011, 0.0014490597404745221, 0.0018985581469561216, 0.001902856312211903, 1.449341443318764e-05, 0.0018985585370617792, 0.0018977186358438963, 0.0018991713714251357, 0.0018864450480938003, 0.0018982217642491684, 3.1872227014690685e-05, 0.00017346695127148923, 0.00017762956513877592, 0.06053807596312874, 3.1995541181497538e-06, 3.271933344109297e-06, 0.0007438679767546925, 0.000737660921048189, 0.0014353646224371558, 0.0014473534155539866, 0.0022923833449807174, 0.002302850199195433, 0.0023146638459538103, 0.0023073279684170983, 0.002313559140786427, 0.00228571120370934, 0.0005515632791686829, 0.0005397676378058435, 0.0007901928911044508, 0.0007778060415018264, 0.0007851888934239435, 0.0007817449818878021, 0.0007935753616277708, 0.0007820022503544, 0.001307363163439178, 0.0012828006298050594, 0.0012872114117525389, 0.0012926339083704698, 0.0012821544505871652, 0.0012860888410509252, 0.001280513165271916, 0.0012889439123905933],