{"lr": [0.0033829112517881244, 0.49828595646857754, 0.0001530546009475155, 0.00021690498799878407, 6.284120406374594, 9.738475235974471, 0.002021128419557564, 0.007618581495459807, 0.07880207774357448, 0.11527225392163677, 1.6496003698934487, 0.007551017048789135, 0.000168399804546937, 0.014574297405526647, 0.0020849161027938225, 0.0001803243596071573, 0.00012446076168428488, 0.0019348166359974734, 0.008167956151308322, 0.005529270502652765, 1.4403805690131493, 0.37761221058830524, 0.007789988506924046, 0.02688287485649219, 0.00018463351115682826, 5.119049684025054, 3.9745359180902256, 6.520763196368415, 1.3616227794296913, 0.02564912798279938, 1.0794347058764957, 0.3725907194370889, 0.022562173424123286, 1.272007315399566, 0.003816245240327545, 1.2654962674992536, 1.3616227794296913, 1.3282548746046068, 1.3228565769589822, 2.9266252463695084, 1.3347914664288545, 6.422794850570008, 0.0022281876110539643, 5.348422057940851, 1.4859544191341096, 1.446560136604761, 1.336831923148825, 4.388399858132753, 1.434295496267135, 1.4303467322150951, 1.4304863283647944, 0.0010728652846106262, 1.4054823478622405, 1.4192876744184655, 1.3616227794296913, 5.041926280109098, 1.3644438902009641, 7.274324738909525, 7.590346833061765, 1.3632438023302595, 1.398906278301477, 0.00028226626780837144, 1.446560136604761, 0.00012901426360900886, 1.3299529678434188, 1.2676195962411625, 1.2262257191769668, 9.08709380208231, 0.00023477134979722444, 3.3423963742324254, 1.1889475999756536, 0.13127720705680246, 0.0010300882927370993, 2.295483438397454, 1.5054491676593984, 0.0001181346390829414, 1.6542837054654926, 0.00010956440892032276, 1.6400012860435442, 6.408777171282983], "epochs": [143, 148, 198, 168, 71, 201, 225, 126, 76, 72, 68, 74, 62, 48, 58, 78, 129, 49, 65, 44, 90, 88, 130, 133, 136, 55, 67, 44, 50, 47, 52, 63, 279, 48, 170, 49, 49, 45, 46, 48, 50, 53, 88, 51, 50, 51, 49, 49, 54, 61, 66, 194, 64, 59, 54, 268, 50, 50, 50, 50, 50, 209, 51, 214, 50, 51, 50, 51, 184, 61, 46, 187, 296, 50, 49, 206, 50, 158, 50, 59], "lr_peak_epoch": [35, 94, 115, 162, 66, 23, 143, 77, 66, 48, 42, 22, 28, 27, 55, 54, 11, 4, 19, 32, 0, 86, 117, 57, 70, 38, 14, 39, 22, 16, 34, 40, 110, 35, 143, 26, 10, 38, 23, 39, 28, 47, 29, 10, 40, 40, 4, 27, 47, 26, 5, 6, 12, 27, 11, 139, 13, 29, 20, 21, 12, 191, 47, 32, 2, 41, 0, 0, 173, 56, 4, 23, 72, 18, 7, 163, 43, 153, 27, 13], "batch_size": [4196, 4196, 4196, 4196, 4196, 4196, 4196, 4196, 4196, 4196, 4196, 4196, 4196, 4196, 4196, 4196, 4196, 4196, 4196, 4196, 4196, 4196, 4196, 4196, 4196, 4196, 4196, 4196, 4196, 4196, 4196, 4196, 4196, 4196, 4196, 4196, 4196, 4196, 4196, 4196, 4196, 4196, 4196, 4196, 4196, 4196, 4196, 4196, 4196, 4196, 4196, 4196, 4196, 4196, 4196, 4196, 4196, 4196, 4196, 4196, 4196, 4196, 4196, 4196, 4196, 4196, 4196, 4196, 4196, 4196, 4196, 4196, 4196, 4196, 4196, 4196, 4196, 4196, 4196, 4196], "momentum": [0.49204236969900406, 0.4865419370517827, 0.6846814207459625, 0.49667167747556673, 0.8587763275835598, 0.9966167809317186, 0.7105217895692106, 0.22619403615908695, 0.5066569634963926, 0.2435792938914941, 0.8990726308133891, 0.7227055243307333, 0.6846814207459625, 0.6835744760073242, 0.5244053942488061, 0.48708293971189215, 0.37604359818082217, 0.45288826796108234, 0.36601129604567084, 0.6464962348558005, 0.7754687802947001, 0.8781447291995973, 0.33808733364448995, 0.773231582300858, 0.33723654503708855, 0.9458640429625381, 0.9527578266837821, 0.9762032569821929, 0.9247092534162829, 0.9014984538045631, 0.812850919083469, 0.5721495630073486, 0.246293933680803, 0.9263112726383347, 0.47462716705296615, 0.9236423526932788, 0.9247092534162829, 0.864096227549313, 0.8762945167172936, 0.9252529808752046, 0.9292939371936713, 0.8802753246990799, 0.5533386421812311, 0.8683030710213442, 0.9478531360588849, 0.9498806058692548, 0.9477636624867459, 0.956204539570266, 0.9241690202839831, 0.9237267741058136, 0.9239743767642903, 0.5548963296950247, 0.9244502537865795, 0.9246941085795591, 0.9247092534162829, 0.7825594548648567, 0.9600366396521816, 0.9294491798322402, 0.9291348902319496, 0.9340566167140826, 0.9443891467571318, 0.2566373621028648, 0.9537704545708413, 0.584666675941474, 0.9504215051976093, 0.9501635233849701, 0.9512111604032633, 0.9511235972202556, 0.240071941278737, 0.6401988118211576, 0.9510187122494977, 0.8772197433282791, 0.7982714537757624, 0.949818752159832, 0.9501641157979335, 0.5393609873811612, 0.9085074257901501, 0.7265830676144335, 0.9097274789216333, 0.9498806058692548], "weight_decay": [0.0002908957006490124, 2.9492474958356565e-05, 1.846420529658797e-05, 0.0012834361023100634, 2.321600198247126e-05, 0.006988463173575235, 0.0011422728528527161, 0.0006300717536753405, 1.7623556839808523e-05, 2.4025599775036248e-05, 2.0827769138597283e-05, 2.264967712218767e-05, 1.5666393639842763e-05, 1.695735893391046e-05, 0.0001638338426169189, 0.0001159017488454327, 7.276082621623687e-05, 6.318836671081467e-05, 2.4025599775036248e-05, 2.3125149564040707e-05, 2.321600198247126e-05, 3.077862362011655e-05, 1.660326951057124e-05, 0.0003349973508365076, 6.0102073021542685e-06, 7.691712965898748e-06, 1.6430470492331903e-05, 2.0827769138597283e-05, 1.8932774938507276e-05, 2.1379368582450737e-05, 1.7623556839808523e-05, 2.165140288380469e-05, 1.5574649453998003e-06, 1.7561092857997455e-05, 0.026041811019576817, 1.951767919685796e-05, 2.0099772682785182e-05, 1.6996015655671737e-05, 2.0201723103022777e-05, 1.904533015361371e-05, 1.8932774938507276e-05, 1.8818039870905763e-05, 0.08318853198968723, 1.8730215514052478e-05, 1.904533015361371e-05, 1.9041164927656855e-05, 1.9279008846704185e-05, 1.932824260671603e-05, 1.9041164927656855e-05, 1.8989192111258675e-05, 1.8977730668221814e-05, 1.6156951700749488e-06, 1.8932774938507276e-05, 1.8878682729028434e-05, 1.8932774938507276e-05, 0.00012242804371781612, 1.9076828322918995e-05, 1.894498568160308e-05, 1.8932774938507276e-05, 1.8932774938507276e-05, 1.8932774938507276e-05, 0.0031128592004031046, 1.9041164927656855e-05, 0.09342005683938684, 1.8932774938507276e-05, 1.8980461595187442e-05, 1.8932774938507276e-05, 1.8760975334900744e-05, 0.014851154880938073, 0.003179189542111899, 2.364638075506374e-05, 0.056467095925688174, 0.00011398117726381796, 1.9134653496123365e-05, 1.9121588767386467e-05, 0.0005803911262268656, 1.9124755450218036e-05, 2.476313172856032e-05, 1.9019146794933314e-05, 1.9041164927656855e-05],