{"lr": [0.00012620948285169316, 1.4557916623227765, 0.7776492451078378, 2.239034272168371, 7.8179288051723566, 0.9903593841281118, 0.020295362430434737, 0.7991823454611494, 0.9903593841281118, 0.9298273086472926, 0.00026660761162987324, 0.6912915451940053, 0.0035409845553695573, 0.007523447496485548, 0.0002898657215424933, 0.006976311326833805, 0.9903593841281118, 0.9903593841281118, 1.1297094845477413, 0.9298273086472926, 0.9418956658593991, 1.0578063462854133, 0.00031705487596673734, 0.0006493288113703829, 0.010862167264542127, 0.4523712910248497, 0.4399196960303322, 0.42140425599516473, 0.466409666332875, 0.37538033008001026, 0.9298273086472926, 0.26622628794793785, 0.20672405509021138, 0.4794591002694539, 0.0025624212589796715, 0.4523712910248497, 0.5549226396590312, 0.4895488511863503, 0.41171629012222777, 0.49680640266672066, 3.4936553256242537, 0.9034484710465958, 0.0022471886164168154, 2.2284968963327665, 0.9123652373667016, 3.185951520373571, 2.5608148674768896, 3.971005085812963, 0.814923248792708, 0.8752200675999231, 1.0994274324296343, 0.0015852631590727076, 1.146182796547498, 1.0721374813227271, 1.0646520321942619, 1.9436283314646323, 1.9706034390871765, 2.0007659430640174, 0.9552909670833369, 0.5519091372479731, 0.9298273086472926, 0.03859602561972595, 0.8348212117332398, 0.0063493285782526806, 0.8341270042378662, 0.8339635218683425, 0.8199923927890358, 0.8345401691756078, 0.05759587539371156, 0.0035637245585603693, 0.8240598691189569, 2.0492395739671245, 0.5017502852824766, 0.8360294249332044, 1.2747326300641149, 0.05092182602440237, 1.5276495586686165, 0.0007479283938585754, 0.8373149226668078, 0.8923452114608179], "epochs": [178, 223, 193, 177, 144, 205, 148, 271, 179, 138, 154, 167, 161, 109, 70, 128, 205, 211, 248, 108, 232, 133, 248, 70, 248, 83, 84, 85, 96, 81, 103, 33, 298, 50, 211, 83, 80, 72, 229, 223, 261, 237, 263, 118, 169, 122, 114, 112, 108, 106, 112, 235, 105, 115, 63, 154, 106, 107, 106, 106, 106, 96, 106, 221, 59, 68, 47, 51, 273, 97, 57, 120, 58, 96, 93, 166, 110, 279, 108, 103], "lr_peak_epoch": [121, 132, 189, 125, 58, 127, 96, 104, 124, 115, 56, 6, 26, 95, 36, 81, 172, 15, 190, 1, 106, 1, 93, 64, 164, 44, 29, 83, 33, 47, 87, 4, 38, 49, 181, 36, 56, 31, 51, 165, 146, 104, 231, 95, 5, 23, 61, 2, 96, 11, 39, 24, 5, 64, 53, 99, 103, 22, 89, 20, 80, 86, 21, 193, 39, 53, 42, 14, 189, 72, 1, 79, 34, 59, 83, 42, 23, 110, 99, 27], "batch_size": [4196, 4196, 4196, 4196, 4196, 4196, 4196, 4196, 4196, 4196, 4196, 4196, 4196, 4196, 4196, 4196, 4196, 4196, 4196, 4196, 4196, 4196, 4196, 4196, 4196, 4196, 4196, 4196, 4196, 4196, 4196, 4196, 4196, 4196, 4196, 4196, 4196, 4196, 4196, 4196, 4196, 4196, 4196, 4196, 4196, 4196, 4196, 4196, 4196, 4196, 4196, 4196, 4196, 4196, 4196, 4196, 4196, 4196, 4196, 4196, 4196, 4196, 4196, 4196, 4196, 4196, 4196, 4196, 4196, 4196, 4196, 4196, 4196, 4196, 4196, 4196, 4196, 4196, 4196, 4196], "momentum": [0.45615033221654855, 0.5684339488686485, 0.018789800436355142, 0.6176354970758771, 0.6120957227224214, 0.6169339968747569, 0.9437480785146242, 0.6818202991034834, 0.5617031315441785, 0.5879005379156647, 0.5450446938916721, 0.036850072868502885, 0.5528601985948632, 0.4973676666839322, 0.13453021907263285, 0.41426299451466997, 0.6634380158704616, 0.6139613434281713, 0.6443265377849856, 0.7045238318706615, 0.7509491273554585, 0.6037016789279939, 0.7142412995491114, 0.12381998284944151, 0.6974287731445636, 0.7104684343655651, 0.7449946292405055, 0.7101747545653297, 0.7655220001417596, 0.6785859762452102, 0.8067711925814893, 0.038416217310167304, 0.02065099946572868, 0.6987569904111128, 0.06395526612098112, 0.7026322077303784, 0.7261295181210844, 0.6769491226134279, 0.7030811485526526, 0.7026191755761755, 0.7050526328272069, 0.7080338529350539, 0.05537432042119794, 0.7051089574360878, 0.7049852092403768, 0.704502368761606, 0.7056194608263903, 0.7045238318706615, 0.8212623024991822, 0.7796869741996001, 0.7885831315650572, 0.7963914745173317, 0.8829179123056654, 0.7757184512469185, 0.7892915380857738, 0.9518744768327362, 0.7814517456757458, 0.7842114311658367, 0.9805469213411252, 0.9640844673261076, 0.7808917322835692, 0.554687808661419, 0.774874921465981, 0.9249669119531921, 0.7745991185673372, 0.7744612057048341, 0.7719124002803238, 0.7731196576808174, 0.455444149450027, 0.5249704422542643, 0.772997281819775, 0.25364252425682277, 0.6223844285660048, 0.7783112708953588, 0.7769804573191875, 0.8298973686033432, 0.7731196576808174, 0.9521426972954208, 0.7043612747324516, 0.7745991185673372], "weight_decay": [6.273927602293595e-05, 0.00015316508243748712, 0.003077201812975576, 2.0004484210638855e-06, 0.002156917714305619, 0.00225522225239458, 1.1269711680133682e-05, 4.411959206764395e-06, 0.00225522225239458, 0.0029951443997892637, 0.0026113202654179943, 0.003898899189287334, 0.01764044543505393, 0.003079520873573674, 0.00381624299908997, 0.04430788173937543, 0.00225522225239458, 0.00225522225239458, 0.00244165294998398, 0.0029951443997892637, 0.0018218656600978453, 0.0018414853602379507, 0.0986813387889167, 0.01737965482009739, 0.0001852308899805385, 0.005398854763525047, 0.0020678048841115656, 0.0021638187618388005, 0.008042115860909896, 0.036893813005732266, 0.006338828331896258, 0.002186125266973623, 0.006192888619289035, 0.017297843775935764, 0.0002680019658454027, 0.01491480654721761, 0.0352089761384079, 0.028649983584721185, 0.012394855524004864, 0.02001666068546335, 0.00952805040230719, 0.008790225349131304, 3.22101815287529e-05, 0.008482042581755268, 0.00917941004102118, 0.007938908209948775, 0.00983039766937819, 0.008502084346603087, 0.005805304969962651, 0.00564535067122173, 0.0054531555318296145, 0.062493236210311644, 0.0059081521457881574, 0.004762743199286411, 0.006527480246204885, 0.0007564074719136706, 0.006797001509649315, 0.00660998037845424, 0.006074083215912452, 0.005805304969962651, 0.0036427082137983568, 2.724316743777189e-05, 0.004728084815178495, 1.6983865991372076e-06, 0.004527180990243763, 0.0027011681784458634, 0.003280077856439291, 0.003967537459680299, 0.0001019923684222037, 0.005662068440898617, 0.004717228900628048, 0.00017008952303355492, 0.003569784615949022, 0.005288409897186791, 0.0051240854480443885, 0.06941159937254456, 0.00529857765810926, 3.163330708761546e-05, 0.0054110954840291044, 0.0053129344130934284], "label_smoothing": [0.48183138025051464, 0.19172075941288885, 0.3958625190413323, 0.26444745987645224, 0.28402228054696615, 0.4627983191463305, 0.03551802909894347, 0.043564649850770354, 0.4627983191463305, 0.2920922461141669, 0.12114007068294795, 0.4362948742356132, 0.17182331565353726, 0.35645212396163356, 0.09080762428019575, 0.12664580126989106, 0.3765794846075287, 0.4454959105914106, 0.4069973916942253, 0.33088107455828264, 0.3769689515447166, 0.49915588162083524, 0.35194429177018316, 0.4340630286841071, 0.28455036930729666, 0.4659218547493192, 0.44679689269819883, 0.3529483143545907, 0.35145319031859584, 0.44979556728257786, 0.29641434020099494, 0.44158603976287114, 0.10844849219923697, 0.33341213576633094, 0.3925764560115689, 0.3302639346077518, 0.33088107455828264, 0.32887644001710425, 0.3264863333747239, 0.32883927580285793, 0.48854519533072216, 0.421660732854405, 0.36352213135566414, 0.4599648216602291, 0.4482435522000249, 0.3138694383308054, 0.3443218438660341, 0.3571183768255083, 0.33088107455828264, 0.3303108948029095, 0.3317258753483307, 0.31803052772357066, 0.3314470502290823, 0.33102234666860136, 0.32999634728729443, 0.29549208266184246, 0.33043620714509614, 0.3303108948029095, 0.30606841162310344, 0.3305007757646329, 0.29991261294937843, 0.33292955877959385, 0.28648072320412826, 0.207428434666782, 0.2362012567951246, 0.27281297831306817, 0.25239674131573664, 0.2438719700580236, 0.20336667291787414, 0.2529331919126542, 0.26315179796520755, 0.4620793833103818, 0.17423799451674854, 0.2665941069418183, 0.2533453395944614, 0.4611739908983165, 0.21495090360779606, 0.01801690871428474, 0.2443355279264616, 0.0332072707220078],