{"lr": [0.00012620948285169316, 1.4557916623227765, 0.7776492451078378, 2.239034272168371, 7.8179288051723566, 0.9903593841281118, 0.020295362430434737, 0.7991823454611494, 1.8039425192382421, 1.7993757846835419, 1.7991112619345409, 1.8001996106324047, 1.8045955884283338, 1.7888737312739955, 1.7226406725543193, 1.7934234646269198, 2.3728621937315455, 2.4357089174124757, 2.450151242948139, 2.4005997703903414, 2.427109968631212, 2.454134701877889, 0.00031705487596673734, 2.424429909766814, 0.0006493288113703829, 1.7435040409432527, 1.7371792427664972, 1.7462997438946208, 1.7473462201644476, 1.779359343232256, 1.764532192455245, 1.7448162220710515, 9.996599046658726, 9.978133417793622, 9.981971692112594, 9.968128400887846, 9.94774858602719, 9.938029092200452, 9.93882829472106, 9.961835470244798, 9.967750677731617, 9.96015742137391, 0.004631543636419785, 9.948222986145412, 9.941626899704874, 9.955827074482103, 9.939627909055572, 9.927532070870514, 1.9842974049114652, 1.9149255221073225, 1.3158798544769652, 0.0024433207803201277, 1.310981135450548, 1.322186568369841, 1.3282086689981853, 1.3045482947370057, 0.6705137236220826, 0.6718701711886655, 0.6667756042766855, 0.6760964516396716, 0.6621067124085386, 1.2532453500733496, 1.253139329823022, 1.262495395531213, 5.138738582108152, 5.145178278281518, 1.2749062197620582, 1.2857929487098643, 1.2715675507336173, 1.28953517573686, 1.2745165783804147, 1.2868941351264522, 0.8690587993426883, 0.8637459652737065, 0.8362165466804097, 0.8181342396841486, 0.9165657389039309, 0.7966297848790509, 0.7916049889828805, 0.7982339387272526], "epochs": [178, 223, 193, 177, 144, 205, 148, 271, 300, 300, 300, 300, 300, 300, 300, 300, 300, 300, 300, 300, 300, 300, 248, 300, 70, 204, 204, 204, 203, 203, 202, 204, 300, 300, 300, 300, 300, 300, 300, 300, 265, 265, 275, 265, 265, 265, 264, 266, 146, 149, 212, 175, 212, 213, 213, 211, 173, 172, 172, 172, 172, 183, 183, 183, 82, 81, 253, 253, 253, 253, 253, 253, 114, 115, 115, 115, 113, 224, 224, 224], "lr_peak_epoch": [75, 7, 191, 29, 36, 158, 14, 226, 210, 6, 70, 213, 157, 170, 36, 120, 188, 12, 85, 39, 159, 84, 244, 260, 58, 197, 103, 64, 143, 143, 116, 0, 213, 211, 163, 58, 222, 251, 12, 168, 241, 194, 116, 112, 160, 85, 48, 257, 90, 54, 180, 65, 151, 82, 178, 145, 58, 168, 37, 102, 119, 98, 160, 154, 58, 68, 170, 95, 76, 39, 189, 247, 42, 66, 96, 70, 33, 180, 206, 171], "batch_size": [4196, 4196, 4196, 4196, 4196, 4196, 4196, 4196, 4196, 4196, 4196, 4196, 4196, 4196, 4196, 4196, 4196, 4196, 4196, 4196, 4196, 4196, 4196, 4196, 4196, 4196, 4196, 4196, 4196, 4196, 4196, 4196, 4196, 4196, 4196, 4196, 4196, 4196, 4196, 4196, 4196, 4196, 4196, 4196, 4196, 4196, 4196, 4196, 4196, 4196, 4196, 4196, 4196, 4196, 4196, 4196, 4196, 4196, 4196, 4196, 4196, 4196, 4196, 4196, 4196, 4196, 4196, 4196, 4196, 4196, 4196, 4196, 4196, 4196, 4196, 4196, 4196, 4196, 4196, 4196], "momentum": [0.45615033221654855, 0.5684339488686485, 0.018789800436355142, 0.6176354970758771, 0.6120957227224214, 0.6169339968747569, 0.9437480785146242, 0.6818202991034834, 0.07642313549721769, 0.07838853802742513, 0.07575879799797633, 0.07702198925785908, 0.07724719615696106, 0.07758077155684949, 0.08059497451450241, 0.07702858817944475, 0.16606169570220788, 0.16456091676925738, 0.16536338157537062, 0.16751153753087294, 0.16748958950110188, 0.16865163283377121, 0.7142412995491114, 0.16692573320302145, 0.12381998284944151, 0.07267539474581591, 0.0726614911116214, 0.07273481500937355, 0.07253489448681869, 0.0724303210444396, 0.07232842327967733, 0.07307989995792798, 0.07082031962604926, 0.07066922621214583, 0.07034898128170736, 0.07069993537867482, 0.07073452280865082, 0.07036333122743339, 0.07014708548791569, 0.06980096429762074, 0.6296544565226019, 0.6289226661301676, 0.40724117141380733, 0.6296584077959727, 0.6300888404388377, 0.6332780926613338, 0.6315513499684006, 0.6274176343447679, 0.6034854350690496, 0.6050943641265343, 0.06168528271583035, 0.39267567654709434, 0.06146526987072299, 0.062133135234693763, 0.06172981092777397, 0.06060588987983418, 0.6181603998439175, 0.6178439137351163, 0.6181627571224566, 0.6184563901048616, 0.6179584635612982, 0.07281632415762562, 0.07319521107193398, 0.07304663096702593, 0.6044271880864994, 0.6045140154694498, 0.07106357704226453, 0.07131362743122988, 0.07101742894545611, 0.07083466374204327, 0.0712680129079024, 0.07092047678316797, 0.6250939042330123, 0.6251890698483278, 0.6245285009508743, 0.6249854889304266, 0.6248989383683228, 0.07198418700549378, 0.07210653439268315, 0.07184860594394832], "weight_decay": [6.273927602293595e-05, 0.00015316508243748712, 0.003077201812975576, 2.0004484210638855e-06, 0.002156917714305619, 0.00225522225239458, 1.1269711680133682e-05, 4.411959206764395e-06, 0.006425048203279385, 0.006588328008460376, 0.006464778101087604, 0.006498786334146955, 0.006618413385517031, 0.006575773571262949, 0.006943839436880142, 0.006544943247043153, 0.018874230530025755, 0.019475977318641945, 0.019669265980510036, 0.018926406375087097, 0.019622071335693367, 0.019882463902877956, 0.0986813387889167, 0.018975975193104264, 0.01737965482009739, 0.0028001699046298983, 0.00280001568686186, 0.0027640131825626838, 0.0028693531461212517, 0.0028307764666191575, 0.0027998376314541753, 0.0027387156687348163, 0.09939421452724964, 0.09947809848803323, 0.09881101652213008, 0.09940876797438745, 0.09919816748999503, 0.09942767119384041, 0.09986345520275779, 0.0998005762933119, 0.003755069410625955, 0.003752312269302463, 1.449341443318764e-05, 0.0037652477250113754, 0.0037584376288043583, 0.0037547163039545815, 0.003775279699662124, 0.0037479263826221396, 0.0018419003275938065, 0.0018063444306152651, 0.009683384748642828, 0.06053807596312874, 0.00961011585309592, 0.009522690904768379, 0.009408245502153705, 0.009979855379529898, 0.000400113364270876, 0.00040124012368611937, 0.00040532031236668566, 0.000406574894444395, 0.00041120192100362307, 2.5578201283181462e-05, 2.561569856632635e-05, 2.5134071824146325e-05, 0.00017808988236162862, 0.0001833540361213239, 0.09919819273732638, 0.09972317362792962, 0.0995601461243196, 0.09961206561485958, 0.0995948926591474, 0.09947908098999433, 0.0020650414106121113, 0.0020444102432406208, 0.0020897665987985314, 0.002103685337867983, 0.001974944575513968, 0.005227740838193722, 0.0052282406974107805, 0.005221730964243374],