{"lr": [0.00012620948285169316, 1.4557916623227765, 0.7776492451078378, 2.239034272168371, 7.8179288051723566, 0.9903593841281118, 0.020295362430434737, 0.7991823454611494, 1.630235853928842, 0.7989428525213321, 0.8760995679153567, 3.3987710707181726, 9.97986299864657, 0.0008322369323198247, 0.00029698268652587494, 0.0004057808785803425, 8.552139673712167, 1.463951083076195, 4.418975432422074, 1.8876133658732954, 1.8829387895329117, 3.2562144857193576, 0.00031705487596673734, 0.0006493288113703829, 0.010862167264542127, 5.437863897085644, 5.433383818267158, 1.8780270928525444, 3.613034390677698, 1.847400840541818, 2.7248129323294243, 3.911515680974738, 0.20672405509021138, 1.7932698193758312, 0.0025624212589796715, 1.8105528667607165, 1.8780270928525444, 1.7968772552832715, 1.7530115466475389, 1.7560109446972703, 3.0647725828322785, 2.1306580704756355, 0.0022471886164168154, 6.686026417309061, 5.7411653611134765, 3.149791857367979, 8.925068538609672, 5.143236089055355, 1.860270222959215, 1.8388720360302513, 1.8331454799299545, 0.0015852631590727076, 1.9961211288087792, 2.0097203124431604, 1.8520765523974128, 1.9436283314646323, 1.860270222959215, 2.1646538078045547, 1.8520765523974128, 1.9961211288087792, 2.04092908699643, 0.03859602561972595, 2.028220856525909, 0.0063493285782526806, 1.8520765523974128, 1.8780270928525444, 1.8528294891102306, 1.9122327208900132, 0.05759587539371156, 0.0035637245585603693, 1.9001931062587682, 2.0492395739671245, 0.5017502852824766, 3.9173502944800953, 1.873726474198628, 0.05092182602440237, 1.87551641469092, 0.0007479283938585754, 1.8586279588530168, 1.8473815088958674], "epochs": [178, 223, 193, 177, 144, 205, 148, 271, 198, 192, 206, 84, 196, 109, 176, 43, 261, 237, 230, 238, 246, 207, 248, 70, 248, 193, 174, 154, 151, 191, 192, 195, 298, 173, 211, 133, 170, 148, 143, 175, 99, 144, 263, 151, 108, 139, 152, 156, 181, 152, 153, 235, 163, 205, 181, 154, 156, 165, 154, 171, 160, 96, 171, 221, 151, 152, 152, 151, 273, 97, 152, 120, 58, 150, 151, 166, 151, 279, 151, 151], "lr_peak_epoch": [27, 27, 13, 64, 40, 10, 25, 5, 135, 161, 137, 40, 76, 13, 6, 4, 223, 202, 1, 62, 71, 145, 184, 42, 209, 183, 83, 98, 88, 32, 149, 25, 196, 95, 48, 95, 40, 138, 92, 74, 61, 39, 210, 32, 18, 6, 72, 22, 150, 74, 96, 28, 131, 75, 8, 53, 80, 6, 138, 22, 103, 95, 0, 29, 4, 23, 52, 46, 15, 58, 105, 86, 52, 53, 143, 28, 135, 227, 3, 35], "batch_size": [4196, 4196, 4196, 4196, 4196, 4196, 4196, 4196, 4196, 4196, 4196, 4196, 4196, 4196, 4196, 4196, 4196, 4196, 4196, 4196, 4196, 4196, 4196, 4196, 4196, 4196, 4196, 4196, 4196, 4196, 4196, 4196, 4196, 4196, 4196, 4196, 4196, 4196, 4196, 4196, 4196, 4196, 4196, 4196, 4196, 4196, 4196, 4196, 4196, 4196, 4196, 4196, 4196, 4196, 4196, 4196, 4196, 4196, 4196, 4196, 4196, 4196, 4196, 4196, 4196, 4196, 4196, 4196, 4196, 4196, 4196, 4196, 4196, 4196, 4196, 4196, 4196, 4196, 4196, 4196], "momentum": [0.45615033221654855, 0.5684339488686485, 0.018789800436355142, 0.6176354970758771, 0.6120957227224214, 0.6169339968747569, 0.9437480785146242, 0.6818202991034834, 0.5989893646113649, 0.7873085347011638, 0.04006316654135428, 0.4993623874118983, 0.5473523824101287, 0.3688347394481978, 0.5825164518742437, 0.4975989915611774, 0.6352760437209819, 0.6602974453755173, 0.6833527310047807, 0.7734594055512553, 0.008815731132856741, 0.03137164337559691, 0.7142412995491114, 0.12381998284944151, 0.6974287731445636, 0.5480525468228548, 0.00022434008861969487, 0.3607549882010944, 0.33543033245799037, 0.5398195690141205, 0.008815731132856741, 0.005994174191764453, 0.02065099946572868, 0.018379600998274667, 0.06395526612098112, 0.2804373515316485, 0.290639190124884, 0.42878883098186016, 0.5633712975449356, 0.5889834737166942, 0.005994174191764453, 0.5183842552595311, 0.05537432042119794, 0.24752029334882242, 0.290639190124884, 0.558991487049338, 0.4504288907242853, 0.40262015072838236, 0.24281676088725898, 0.233961345868812, 0.3368181773179049, 0.7963914745173317, 0.25552134654107006, 0.21699712479201932, 0.004589450533775387, 0.9518744768327362, 0.29390975789329726, 0.05011045578986207, 0.07247786292584081, 0.12772752029853146, 0.12517965381539223, 0.554687808661419, 0.09573202778113951, 0.9249669119531921, 0.12730760748018569, 0.13938354318910315, 0.09512607715249427, 0.31817277308746633, 0.455444149450027, 0.5249704422542643, 0.14988988140896295, 0.25364252425682277, 0.6223844285660048, 0.07247786292584081, 0.24063320847002914, 0.8298973686033432, 0.2087068214863038, 0.9521426972954208, 0.3113827244350651, 0.2938767910538955], "weight_decay": [6.273927602293595e-05, 0.00015316508243748712, 0.003077201812975576, 2.0004484210638855e-06, 0.002156917714305619, 0.00225522225239458, 1.1269711680133682e-05, 4.411959206764395e-06, 0.002840172620883954, 0.00225522225239458, 0.0029355690131399074, 1.0593838868434196e-05, 6.201970956430513e-06, 0.00032985397310642087, 0.005185030384395284, 0.002387857889914719, 0.0024460282777107874, 0.002840172620883954, 0.002744957017378582, 0.00225522225239458, 0.0028019429735940374, 0.0023867821857386285, 0.0986813387889167, 0.01737965482009739, 0.0001852308899805385, 0.002834941637453288, 0.00282351548393301, 0.002840172620883954, 0.002840172620883954, 0.0028829311329837976, 0.0028623718198358405, 0.00408052700472137, 0.006192888619289035, 0.0016967483068583559, 0.0002680019658454027, 0.0011391228360843042, 0.0019452227037313975, 0.0005441799948842259, 0.0011977215265987764, 0.0010408687785936073, 0.019769413909372067, 0.007821203994584167, 3.22101815287529e-05, 0.022391427516811672, 0.014504484631171146, 0.0030697217379726744, 0.004082230338731056, 0.0028710788781729957, 0.004101927797997561, 0.0028558969843292385, 0.0028642474171726652, 0.062493236210311644, 0.002840172620883954, 0.0028623718198358405, 0.004215741028096301, 0.0007564074719136706, 0.004101927797997561, 0.004701457777640288, 0.004215741028096301, 0.004516652373935121, 0.0051969149391096715, 2.724316743777189e-05, 0.004455382569528224, 1.6983865991372076e-06, 0.004215741028096301, 0.004176027491977582, 0.004131222349328716, 0.004139035943426605, 0.0001019923684222037, 0.005662068440898617, 0.004116914146258857, 0.00017008952303355492, 0.003569784615949022, 0.005252660845150481, 0.004347327552210354, 0.06941159937254456, 0.004700880277754085, 3.163330708761546e-05, 0.004500740410131635, 0.00494310640975747],