{"lr": [0.5, 0.5, 0.1], "epochs": [5, 5, 300], "lr_peak_epoch": [5, 5, 5], "batch_size": [512, 512, 128], "momentum": [0.9, 0.9, 0.9], "weight_decay": [0.0005, 0.0005, 0.0005], "label_smoothing": [0.1, 0.1, 0.1], "num_workers": [8, 8, 8], "lr_tta": [true, true, true], "time": [11.149722814559937, 11.327641010284424, 912.9010987281799], "train": [27.68, 35.8, 99.95], "test": [27.65, 34.73, 61.57]}