{
  "stats": {
    "submitted": 10,
    "finished": 10,
    "running": 0
  },
  "data": [
    [
      1,
      null,
      209652396,
      null,
      -44.75,
      0.5,
      1,
      0.0,
      0.0,
      {}
    ],
    [
      2,
      null,
      209652396,
      null,
      -44.75,
      0.5,
      1,
      0.0,
      0.0,
      {}
    ],
    [
      3,
      null,
      209652396,
      null,
      -44.75,
      0.5,
      1,
      0.0,
      0.0,
      {}
    ],
    [
      4,
      null,
      209652396,
      null,
      -44.75,
      0.5,
      1,
      0.0,
      0.0,
      {}
    ],
    [
      5,
      null,
      209652396,
      null,
      -44.75,
      0.5,
      1,
      0.0,
      0.0,
      {}
    ],
    [
      6,
      null,
      209652396,
      null,
      -44.75,
      0.5,
      1,
      0.0,
      0.0,
      {}
    ],
    [
      7,
      null,
      209652396,
      null,
      -44.75,
      0.5,
      1,
      0.0,
      0.0,
      {}
    ],
    [
      8,
      null,
      209652396,
      null,
      -44.75,
      0.5,
      1,
      0.0,
      0.0,
      {}
    ],
    [
      9,
      null,
      209652396,
      null,
      -44.75,
      0.5,
      1,
      0.0,
      0.0,
      {}
    ],
    [
      10,
      null,
      209652396,
      null,
      -44.75,
      0.5,
      1,
      0.0,
      0.0,
      {}
    ]
  ],
  "configs": {
    "1": {
      "batch_size": 148,
      "epochs": 348,
      "label_smoothing": 0.06267886203713714,
      "lr": 0.1066763422647491,
      "lr_peak_epoch": 10,
      "lrtta": "True",
      "momentum": 0.9639779631048441,
      "num_workers": 9,
      "weight_decay": 0.00397460907464847
    },
    "2": {
      "batch_size": 402,
      "epochs": 181,
      "label_smoothing": 0.3437404848076403,
      "lr": 0.29640190562047064,
      "lr_peak_epoch": 5,
      "lrtta": "False",
      "momentum": 0.18682547453790904,
      "num_workers": 8,
      "weight_decay": 0.0008030356685630978
    },
    "3": {
      "batch_size": 264,
      "epochs": 415,
      "label_smoothing": 0.1620023235306144,
      "lr": 0.24923089635837822,
      "lr_peak_epoch": 6,
      "lrtta": "False",
      "momentum": 0.6126999759115279,
      "num_workers": 8,
      "weight_decay": 0.0023610565462149685
    },
    "4": {
      "batch_size": 22,
      "epochs": 257,
      "label_smoothing": 0.48983709718100726,
      "lr": 0.43545615451596675,
      "lr_peak_epoch": 8,
      "lrtta": "True",
      "momentum": 0.5382330945692957,
      "num_workers": 9,
      "weight_decay": 0.0038272413616068667
    },
    "5": {
      "batch_size": 138,
      "epochs": 493,
      "label_smoothing": 0.2815339664928615,
      "lr": 0.48801796630676836,
      "lr_peak_epoch": 9,
      "lrtta": "True",
      "momentum": 0.7415534939616919,
      "num_workers": 8,
      "weight_decay": 0.0021797508886083963
    },
    "6": {
      "batch_size": 384,
      "epochs": 235,
      "label_smoothing": 0.11723003574647009,
      "lr": 0.17326323687285186,
      "lr_peak_epoch": 7,
      "lrtta": "False",
      "momentum": 0.420127615518868,
      "num_workers": 9,
      "weight_decay": 0.0029450616138055924
    },
    "7": {
      "batch_size": 502,
      "epochs": 369,
      "label_smoothing": 0.42571549414657056,
      "lr": 0.345447879078798,
      "lr_peak_epoch": 6,
      "lrtta": "False",
      "momentum": 0.8397253052331507,
      "num_workers": 9,
      "weight_decay": 0.004788656145334245
    },
    "8": {
      "batch_size": 252,
      "epochs": 101,
      "label_smoothing": 0.21846677117049695,
      "lr": 0.034254962783306836,
      "lr_peak_epoch": 10,
      "lrtta": "True",
      "momentum": 0.3218639402650297,
      "num_workers": 8,
      "weight_decay": 0.0011930984500795605
    },
    "9": {
      "batch_size": 233,
      "epochs": 432,
      "label_smoothing": 0.39804518219083546,
      "lr": 0.1391348657058552,
      "lr_peak_epoch": 5,
      "lrtta": "True",
      "momentum": 0.6787905749864876,
      "num_workers": 8,
      "weight_decay": 0.001806109298951924
    },
    "10": {
      "batch_size": 475,
      "epochs": 290,
      "label_smoothing": 0.2538241749536246,
      "lr": 0.45205809341929853,
      "lr_peak_epoch": 9,
      "lrtta": "False",
      "momentum": 0.35950709758326416,
      "num_workers": 9,
      "weight_decay": 0.003292344599030912
    }
  },
  "config_origins": {
    "1": "Initial Design: Sobol",
    "2": "Initial Design: Sobol",
    "3": "Initial Design: Sobol",
    "4": "Initial Design: Sobol",
    "5": "Initial Design: Sobol",
    "6": "Initial Design: Sobol",
    "7": "Initial Design: Sobol",
    "8": "Initial Design: Sobol",
    "9": "Initial Design: Sobol",
    "10": "Initial Design: Sobol"
  }
}